smiles,activity
Cn1nc(N)c2cn([C@@H]3O[C@H](COP(=O)(O)O)[C@@H](O)[C@H]3O)c3ncnc1c23,0.00036336001357994974
CCS(=O)(=O)N1CC(CC#N)(n2cc(-c3ncnc4[nH]ccc34)cn2)C1,0.0001270905340788886
COCCNCCCn1c(C(=O)CF)c(-c2ccc(C)cc2)c2c(N)ncnc21,0.8515895009040833
Cc1cn2c(-c3cn[nH]c3)cnc2c(Nc2ccc(C(=O)N3CCNCC3)cc2F)n1,0.020172180607914925
COc1cc(CCc2cc(NC(=O)c3ccc(N4C[C@H](C)N[C@H](C)C4)cc3)n[nH]2)cc(OC)c1,0.9679315686225891
CO[C@H]1C[C@@H]2CC[C@@H](C)[C@@](O)(O2)C(=O)C(=O)N2CCCC[C@H]2C(=O)O[C@H]([C@@H](C)C[C@@H]2CC[C@@H](O)[C@H](OC)C2)CC(=O)[C@H](C)C=C(C)[C@@H](O)[C@@H](OC)C(=O)[C@H](C)C[C@H](C)C=CC=CC=C1C,0.004273717757314444
COc1ccc(-c2ccc3ncc4c(c3c2)n(-c2ccc(N3CCNCC3)c(C(F)(F)F)c2)c(=O)n4C)cn1,0.29484793543815613
CC(=O)ONc1c(C2=c3ccc(Br)cc3=NC2=O)[nH]c2ccccc12,0.010949766263365746
C=CC(=O)Nc1cc2c(Nc3ccc(F)c(Cl)c3)ncnc2cc1C#CC(C)(C)N1CCN(C)CC1,0.08964243531227112
c1ccc(-c2oc3ncnc(NC[C@@H]4CCCO4)c3c2-c2ccccc2)cc1,0.5895985960960388
CCCCCCOC(=O)NC(=N)c1ccc(NCc2nc3cc(C(=O)N(CCC(=O)OCC)c4ccccn4)ccc3n2C)cc1,0.8840206265449524
CC(C)C[C@H](NC(=O)c1cc2ccccc2s1)C(=O)N1CCN(C(=O)[C@H](CO)NS(=O)(=O)c2ccc(Cl)cc2Cl)CC1,0.0151502825319767
CCC(c1ccc(O)cc1)C(CC)c1ccc(O)cc1,0.03614981845021248
CC1=C(O)C(=O)C=C2C1=CC=C1[C@@]3(C)CC[C@@]4(C)CC[C@@](C)(C(=O)O)C[C@H]4[C@]3(C)CC[C@@]21C,0.02252795174717903
C[C@]12CC[C@H]3[C@@H](CC=C4C[C@@H](O)CC[C@@]43C)[C@@H]1CC=C2c1cccnc1,0.00886564701795578
O=c1ccn([C@@H]2O[C@H](CO)[C@@H](O)[C@H]2O)c(=O)[nH]1,7.261490827659145e-05
CCNC(=O)c1noc(-c2cc(C(C)C)c(O)cc2O)c1-c1ccc(CN2CCOCC2)cc1,0.05967874079942703
C[C@H](NC(=O)Cc1cc(F)cc(F)c1)C(=O)N[C@H](C(=O)OC(C)(C)C)c1ccccc1,0.5625855326652527
CC(C)(Cc1ccc2ccccc2c1)NC[C@@H](O)COc1cccc(Cl)c1C#N,0.9915485978126526
COc1ccc(-n2c(C)c([N+](=O)[O-])c3ccc(O)cc32)cc1,0.04811740666627884
CCOc1cc(C(=O)Nc2ccc(Cl)c(-c3nc4ccccc4[nH]3)c2)cc(OCC)c1OCC,0.46942564845085144
COc1cc2nc(-c3ccc(N4CCN(C)CC4)cc3)nc(NCCN3CCOCC3)c2cc1OC,0.14021740853786469
CSc1cccc(Nc2ncc3cc(-c4c(Cl)cccc4Cl)c(=O)n(C)c3n2)c1,0.10159503668546677
CC(C)[C@H](O)C(=O)N[C@@H](C)C(=O)N[C@@H]1C(=O)N(C)CCc2ccccc21,0.008004100061953068
CCC(=O)OC1CCC2C3CCC4=CC(=O)CC[C@@]4(C)C3CC[C@]12C,0.053597185760736465
CC(C)(C)NC(=O)Nc1cccc(Nc2ncc(F)c(NC(C)(C)CO)n2)c1,0.04417191445827484
CNC(=O)c1ccccc1Sc1ccc2c(C=Cc3ccccn3)n[nH]c2c1,0.37241965532302856
COc1cc([C@@H]2c3cc4c(cc3[C@H](O)[C@H]3COC(=O)[C@@H]23)OCO4)cc(OC)c1OC,0.02584751695394516
CN(C)[C@@H](CCOc1cccc2ccccc12)c1ccccc1,0.04154270887374878
O=C(CCCN1CCN(c2ccc(F)cc2)CC1)NC1c2ccccc2CSc2ccccc21,0.9659538865089417
Cc1cnc(Nc2ccc(F)cc2Cl)nc1-c1c[nH]c(C(=O)N[C@H](CO)c2cccc(Cl)c2)c1,0.19696646928787231
Cc1ccc(C=NNC(=O)c2ccccc2Oc2ccccc2)o1,0.5668264627456665
CC[C@@H]1C(=O)N(C)c2cnc(Nc3ccc(C(=O)NC4CCC(N5CCN(CC6CC6)CC5)CC4)cc3OC)nc2N1C(C)C,0.047978583723306656
C=CC(=O)N1CCc2ccc(-n3c(=O)ccc4cnc5ccc(-c6cnn(C)c6)cc5c43)cc21,0.006092403084039688
Nc1n[nH]c2nnc(-c3c(-c4ccccc4)nn4ccccc34)cc12,0.007944071665406227
O=C(O)c1ccc(O)c2ncc(N3CCOCC3)cc12,0.00879164133220911
CC(C)C[C@H](NC(=O)CNC(=O)c1cc(Cl)ccc1Cl)B(O)O,0.03468237444758415
COc1cc2nccc(Oc3ccc(NC(=O)Nc4cc(C)on4)c(Cl)c3)c2cc1OC,0.3119356036186218
OCCn1cc(-c2cnc3nnn(Cc4ccc5ncccc5c4)c3n2)cn1,0.013845367357134819
COc1ccc(-c2ccc3cc(C(=O)O)ccc3c2)cc1C12CC3CC(CC(C3)C1)C2,0.3009154796600342
N#CC1(c2cccc(C(=O)Nc3cc(Oc4ccc5nc(NC(=O)C6CC6)sc5n4)ccc3F)c2Cl)CC1,0.27553465962409973
N#CNC(=Nc1ccncc1)NCCCCCCOc1ccc(Cl)cc1,0.9780159592628479
CCN(CC)CCOc1ccc(Nc2ncc3cc(-c4c(Cl)cccc4Cl)c(=O)n(C)c3n2)cc1,0.7003983855247498
O=c1cc(N2CCOCC2)oc2c(-c3cccc4c3sc3ccccc34)cccc12,0.6001518368721008
COc1ccc(-c2oc3c(CC=C(C)C)c(O)cc(O)c3c(=O)c2O)cc1,0.23374000191688538
C[C@@]12O[C@@H](C[C@]1(O)CO)n1c3ccccc3c3c4c(c5c6ccccc6n2c5c31)CNC4=O,0.11237805336713791
CC(C)(O)CC(=O)NCCn1ccc2ncnc(Nc3ccc(Oc4cccc(C(F)(F)F)c4)c(Cl)c3)c21,0.5955732464790344
C[C@H](CCC(=O)O)[C@H]1CCC2C3C[C@H](O)[C@@H]4C[C@H](O)CC[C@]4(C)C3CC[C@@]21C,0.00010383549670223147
Cc1cc(-c2ncc(CC(=O)Nc3ccc(-c4cnccn4)cn3)cc2C)ccn1,0.05631508305668831
Cc1ccccc1-n1c(Cn2nc(-c3cccc(O)c3)c3c(N)ncnc32)nc2cccc(C)c2c1=O,0.10501661896705627
CC(C)(OCc1nn(Cc2ccccc2)c2ccccc12)C(=O)O,0.0015343817649409175
CCn1c(-c2nonc2N)nc2c(C#CC(C)(C)O)ncc(OC[C@H]3CCCNC3)c21,0.04631589353084564
O=c1cc(CN2CCOCC2)occ1OCCCCCSc1ccnc2cc(C(F)(F)F)ccc12,0.6453906297683716
O=C(Nc1nc2ccccc2n1CCN1CCOCC1)c1cccc([N+](=O)[O-])c1,0.9512739777565002
Cc1cc(Cl)ccc1OCCCC(=O)NO,0.01666690781712532
OC1CCC(Nc2ncc3nc(Nc4c(F)cc(F)cc4F)n([C@@H]4CCOC4)c3n2)CC1,0.129055917263031
CC(C)(O)Cn1c(NC(=O)c2ccc(-c3cn[nH]c3)s2)nc2cc(CN3CCOCC3)ccc21,0.041221216320991516
O=C(Nc1c[nH]nc1-c1nc2cc(CN3CCOCC3)ccc2[nH]1)NC1CC1,0.0047805714420974255
CN(C[C@@H]1COCCO1)S(=O)(=O)Nc1ccc2ccc3ncc(-c4cnn(C)c4)cc3c(=O)c2c1,0.00331612559966743
COc1cc2c(Oc3ccc(-c4cnc(Nc5ccc(F)cc5)n(C)c4=O)cc3F)ccnc2cc1OCCCN1CCOCC1,0.7786036729812622
COc1cc2ncnc(Nc3cc(Br)c(O)c(Br)c3)c2cc1OC,0.03559102118015289
COc1c(OCCCN2CCOCC2)ccc2c3n(c(=NC(=O)c4cnc(N)nc4)nc12)CCN3,0.017548302188515663
O=C1NC(=O)C(c2cnc3ccccn23)=C1c1cn2c3c(cccc13)CN(C(=O)N1CCOCC1)CC2,0.2652415633201599
CC(C)C[C@@H](N)[C@H](O)C(=O)N[C@H](C(=O)N[C@H](C(=O)N[C@@H](CC(=O)O)C(=O)O)C(C)C)C(C)C,0.00016816875722724944
CCN1CCCC1CNC(=O)c1cc(S(=O)(=O)CC)c(N)cc1OC,0.15318484604358673
COc1cc2ncn(-c3cc(OCc4ccccc4C(F)(F)F)c(C(N)=O)s3)c2cc1OC,0.14186222851276398
Cn1cc(C=CC(=O)c2cccc(F)c2)cc1C=CC(=O)NO,0.03527764603495598
COc1ccccc1N1CCN(CCN(C(=O)C2CCCCC2)c2ccccn2)CC1,0.6895896196365356
O=C(CCCCCCC(=O)Nc1cccnc1)NO,0.0017745743971318007
C[C@@]1(CO)CN(c2cc(C(=O)Nc3ccc4c(c3)-c3c(c(C(N)=O)nn3-c3ccc(F)cc3)CC4)c(Cl)cn2)C[C@]1(C)CO,0.07489880919456482
C=C1C(=O)O[C@H]2[C@H]1CCC(C)=CCC[C@@]1(C)O[C@H]21,0.0021726214326918125
CCCCN1CCCC[C@H]1C(=O)Nc1c(C)cccc1C,0.009153775870800018
COc1cc(OC2CCN(C)CC2)ccc1Nc1ncc2c(n1)n(C1CCCC1)c(=O)n2C,0.05046665668487549
CC(=O)OCC(=O)[C@@]1(O)[C@H](C)C[C@H]2[C@@H]3C=C(C)C4=Cc5c(cnn5-c5ccccc5)C[C@]4(C)[C@H]3[C@@H](O)C[C@@]21C,0.3406909704208374
COCC1(CO)C(=O)C2CCN1CC2,0.007301073521375656
c1ccc(-c2nn3c(c2-c2ccnc4cc(OCCN5CCOCC5)ccc24)CCC3)nc1,0.8983573913574219
CC1CNc2c(cccc2S(=O)(=O)N[C@@H](CCCNC(=N)N)C(=O)N2CC[C@@H](C)C[C@@H]2C(=O)O)C1,0.00011294968135189265
CN(c1ncccc1CNc1nc(Nc2ccc3c(c2)CC(=O)N3)ncc1C(F)(F)F)S(C)(=O)=O,0.4260048568248749
Cc1nc(NC(=O)N2CCC[C@H]2C(N)=O)sc1-c1csc(C(C)(C)C)n1,0.0005266088410280645
Cn1cnc(-c2cc3nccc(Oc4ccc(NC(=S)NC(=O)Cc5ccccc5)cc4F)c3s2)c1,0.6477792263031006
CC(=O)NC(CS)C(=O)O,8.531748676432471e-07
CC[C@H](C)n1cc(C)c2c(C(=O)NCc3c(C)cc(C)[nH]c3=O)cc(-c3ccc(N4CCNCC4)nc3)cc21,0.5259211659431458
Cc1cc(Nc2nc(N[C@@H](C)c3ncc(F)cn3)ncc2Cl)n[nH]1,0.008520764298737049
CN(C(=O)c1ccc(F)cc1C(F)(F)F)C1CCN(c2nnc(-c3ccnn3C)c3ccccc23)CC1,0.6865936517715454
O=C(c1ccc(C=Cc2n[nH]c3ccccc23)cc1)N1CCNCC1,0.076441191136837
CN(C)c1ccc(-c2nc3c(N4CCN(CC(=O)Nc5nccs5)CC4)c(Cl)cnc3[nH]2)cc1,0.42239221930503845
C[C@@H](Oc1cc(-n2cnc3ccc(CN4CCN(C)CC4)cc32)sc1C(N)=O)c1ccccc1C(F)(F)F,0.4654030501842499
Oc1cccc(-c2nc(N3CCOCC3)c3oc4ncccc4c3n2)c1,0.14124780893325806
CN1CCN(Cc2ccc(NC(=O)Nc3ccc(Oc4cc(NC(=O)C5CC5)ncn4)cc3)cc2C(F)(F)F)CC1,0.25065523386001587
CC(=O)Nc1cccc(-n2c(=O)n(C3CC3)c(=O)c3c(Nc4ccc(I)cc4F)n(C)c(=O)c(C)c32)c1,0.022220071405172348
CO[C@H]1C=CC=C(C)C(=O)NC2=CC(=O)C(NCCN(C)C)=C(C[C@@H](C)C[C@H](OC)[C@H](O)[C@@H](C)C=C(C)[C@@H]1OC(N)=O)C2=O,0.014096306636929512
O=C(NCCS(=O)(=O)c1ccc(C(F)(F)F)cn1)c1ccc(Cl)cc1,0.044922713190317154
O=C(Nc1ccc(OC(F)(F)F)cc1)c1sccc1NCc1ccnc2ccccc12,0.8791435360908508
Cc1ccn(-c2ccc(-c3ncco3)cc2)c(=O)c1-c1ccc2nc(N)ncc2c1,0.0010647415183484554
CCNC(=O)c1cc2c(-c3cc(OCCN4CCCC4)c(Cl)cc3Cl)nc(N)nc2s1,0.2697937786579132
CC(C)OC(=O)CCCC=CC[C@H]1[C@@H](O)C[C@@H](O)[C@@H]1C=C[C@@H](O)COc1cccc(C(F)(F)F)c1,0.07743744552135468
C[N+]1([O-])[C@H]2C[C@@H](OC(=O)[C@H](CO)c3ccccc3)C[C@@H]1[C@H]1O[C@@H]21,9.305761523137335e-06
CN1CCC(COc2cnc(-c3cccc(Cn4nc(-c5cccc(C#N)c5)ccc4=O)c3)nc2)CC1,0.22942446172237396
C[N+]1(C)[C@H]2CC[C@@H]1C[C@@H](OC(=O)C(C[O-])c1ccccc1)C2,0.025265401229262352
C[N+]1([O-])[C@H]2CC[C@@H]1C[C@H](OC(=O)C(CO)c1ccccc1)C2,0.002006048336625099
COc1cc(C[C@@H](CO)[C@H](CO)Cc2ccc(O)c(OC)c2)ccc1O,0.0005765584646724164
Cc1cccc(-c2nn3c(c2-c2ccnc4cc(C(N)=O)ccc24)CCC3)n1,0.6867687702178955
O=S(=O)(N=Cc1c(O)ccc2ccccc12)c1cccs1,0.008294641971588135
O=C(CCCCCCC(=O)Nc1ccc([C@@H]2O[C@H](c3ccc(CO)cc3)C[C@H](CSc3nc(-c4ccccc4)c(-c4ccccc4)o3)O2)cc1)NO,0.4284709692001343
CN(C)CCOc1ccc(-c2nc(-c3ccc4c(c3)CCC4=NO)c(-c3ccncc3)[nH]2)cc1,0.335592657327652
NC(=O)c1cccc2[nH]c(-c3ccc([C@H]4CCCN4)cc3F)nc12,0.48817920684814453
O=C(c1cc(Cc2n[nH]c(=O)c3ccccc23)ccc1F)N1CCN(C(=O)C2CC2)CC1,0.05060959234833717
O=c1[nH]c2ccc(Cl)cc2c(N[C@@H]2CN3CCC2CC3)c1-c1nc2ccccc2[nH]1,0.9911927580833435
NC(=O)c1ccc2[nH]c(-c3ccc(Oc4ccc(Cl)cc4)cc3)nc2c1,0.5689651966094971
O=C(O)CCNc1cc(N2CCc3ccccc3CC2)nc(-c2ccccn2)n1,0.1029467061161995
Cc1csc(-c2nnc(Nc3ccc(Oc4ncccc4-c4ccnc(N)n4)cc3)c3ccccc23)c1,0.566432535648346
O=C(O)[C@@H](c1ccc(OCc2ccc3ccccc3n2)cc1)C1CCCC1,0.036717671900987625
O=C(O)C1=NC(C(=O)O)CC(C=CN2c3cc(O)c(OC4OC(CO)C(O)C(O)C4O)cc3CC2C(=O)O)=C1,0.000420465599745512
COC[C@H]1OC(=O)c2coc3c2[C@@]1(C)C1=C(C3=O)[C@@H]2CC[C@H](O)[C@@]2(C)C[C@H]1OC(C)=O,0.0024155382998287678
Cc1ccc(NC(=O)c2cccc(C(C)(C)C#N)c2)cc1Nc1ccc2ncn(C)c(=O)c2c1,0.009969479404389858
COCC(=O)NCC=Cc1ccc2ncnc(Nc3ccc(Oc4ccc(C)nc4)c(C)c3)c2c1,0.05057624354958534
CC(C=CC1=C(C)CCCC1(C)C)=CC=CC(C)=C/C=C/C=C(C)/C=C/C=C(C)/C=C/C1=C(C)CCCC1(C)C,0.1722390502691269
CC(=NNC(=S)N1CCC1)c1ccccn1,0.6702563762664795
C[C@H](NC(=O)C(C#N)=Cc1cccc(Br)n1)c1ccccc1,0.21757352352142334
CC(C)c1cc(C(C)C)c(CC(=O)NS(=O)(=O)Oc2c(C(C)C)cccc2C(C)C)c(C(C)C)c1,0.004397187381982803
O=c1c(-c2ccc(O)cc2)coc2cc(OC3O[C@H](CO)[C@@H](O)[C@H](O)[C@H]3O)cc(O)c12,0.004130949731916189
COc1ccc(N(C(=O)Oc2c(C)cccc2C)c2ccnc(Nc3ccc(N4CCN(C)CC4)cc3)n2)c(OC)c1,0.7921016812324524
CC(O)=C(C#N)C(=O)Nc1ccc(C(F)(F)F)cc1,0.022246867418289185
C[C@]12CCC3C(CC=C4C[C@@H](O)CC[C@@]43C)C1CC=C2n1cnc2ccccc21,0.1683773547410965
C#Cc1cccc(Nc2ncnc3cc(OCCOC)c(OCCO)cc23)c1,0.020045019686222076
O=C(NOCC(O)CO)c1cc(Br)c(F)c(F)c1Nc1ccc(I)cc1F,0.007930855266749859
C[C@]12CC[C@H]3[C@@H](CCC4=CC(=O)CC[C@@]43C)[C@@H]1CC[C@@H]2OC(=O)CCC1CCCC1,0.03987204283475876
COc1ccc(C(=O)CC2(O)C(=O)Nc3c(Cl)ccc(Cl)c32)cc1,0.03442184627056122
COc1c(N2C[C@@H]3CCCN[C@@H]3C2)c(F)cc2c(=O)c(C(=O)O)cn(C3CC3)c12,0.04100147262215614
COc1cc2nccc(Oc3ccc(NC(=O)NC4CC4)c(Cl)c3)c2cc1C(N)=O,0.041605331003665924
CC(=O)Nc1nc(C)c(-c2ccc(Cl)c(S(=O)(=O)NCCO)c2)s1,0.002755804220214486
CN(C)CCOC1=Cc2ccccc2Sc2ccc(Cl)cc21,0.9902185797691345
Cc1cc(CN2CCN(c3c(Br)cnc4[nH]c(-c5ccc(N6CCN(C)CC6)cc5)nc34)CC2)no1,0.7776974439620972
Cc1ccccc1C(=O)c1ccc(Nc2ccc(Br)cc2N)cc1Cl,0.07876403629779816
Cn1c(=O)c(-c2c(Cl)cccc2Cl)cc2cnc(Nc3cccc(C(=O)O)c3)nc21,0.0034660182427614927
CC(C)[C@H](CO)Nc1nc(Nc2ccc(C(=O)O)c(Cl)c2)c2ncn(C(C)C)c2n1,0.0009648384875617921
Cc1n[nH]c2ccc(-c3cncc(OC[C@@H](N)Cc4ccccc4)c3)cc12,0.00023654413234908134
CC(=O)c1c(C)c2cnc(Nc3ccc(N4CCNCC4)cn3)nc2n(C2CCCC2)c1=O,0.09116365015506744
N#CC(=C(N)Sc1ccccc1N)C(C#N)=C(N)Sc1ccccc1N,0.0006311177276074886
Cc1ccc(NC(=O)c2ccc(CN3CCN(C)CC3)cc2)cc1Nc1nc(-c2cccnc2)cs1,0.16343538463115692
O=C(O)[C@H]1O[C@H](Oc2cc3oc(-c4ccccc4)cc(=O)c3c(O)c2O)[C@H](O)[C@@H](O)[C@@H]1O,0.002805184107273817
C[C@@H]1COC(Nc2ccc3ncnc(Nc4ccc(OCc5nccs5)c(Cl)c4)c3c2)=N1,0.055829551070928574
CS(=O)(=O)c1cccc(CNc2nc(Nc3ccc4c(c3)CCC(=O)N4)ncc2C(F)(F)F)c1,0.5757971405982971
CNC(=O)c1ccccc1Nc1nc(Nc2ccc(N3CCOCC3)cc2OC)ncc1Cl,0.46570271253585815
CCc1nc(-c2cccc(C)c2)c(-c2ccnc(NC(=O)c3ccccc3)c2)s1,0.2613007724285126
COc1cc(N2CCN(C)CC2)ccc1Nc1nc(N)c(C(=O)c2c(Cl)cccc2Cl)s1,0.5045431852340698
Cc1nc2c([nH]1)CCN(C(=O)c1ccc(NC(=O)c3ccccc3-c3ccccc3)cc1)c1ccccc1-2,0.08909987658262253
CCNC(=O)Nc1ccc2ncc(Nc3ccc(C)cc3)nc2n1,0.03074624203145504
Cc1cncc2cccc(S(=O)(=O)N3CCCN(C(=O)CN)C[C@@H]3C)c12,0.00692245177924633
c1ccc(CNc2nc(NCc3ccccc3)c3ccccc3n2)cc1,0.982930064201355
Cc1cccc(-c2nn(C(=S)Nc3ccccc3)cc2-c2ccnc3ccccc23)n1,0.5709100365638733
CCC(=O)O[C@]1(C(=O)CO)CC[C@H]2[C@@H]3CCC4=CC(=O)CC[C@]4(C)[C@H]3CC[C@@]21C,0.06613834202289581
Cc1cc2c(F)c(Oc3ncnn4cc(OC[C@@H](C)O)c(C)c34)ccc2[nH]1,0.0028811509255319834
COCCOC(=O)C1=C(C)NC2=C(C(=O)CC(c3ccccc3OC)C2)C1c1cccc(O)c1,0.03768661245703697
COc1cc2c(Oc3ccc4[nH]c(C)cc4c3F)ncnc2cc1OCCCN1CCCC1,0.6038557887077332
Cc1ccc(C(=O)Nc2cccc(C(F)(F)F)c2)cc1Nc1nc(-c2cccnc2)nc2c1cnn2C,0.11789672821760178
CN[C@@H]1C[C@H]2O[C@@](C)([C@@H]1OC)n1c3ccccc3c3c4c(c5c6ccccc6n2c5c31)C(=O)N[C@H]4O,0.25126370787620544
COc1ccc(S(=O)(=O)N(CCO)c2ccccc2CN(C)CC=Cc2ccc(Cl)cc2)cc1,0.3786871135234833
CCCCC(C=O)NC(=O)C(CC(C)C)NC(=O)OCc1ccccc1,0.04813097044825554
O=c1c(O)c(-c2ccc(O)c(O)c2)oc2cc(O)ccc12,0.031877972185611725
Cc1nc(C(=O)NCC(=O)O)c(O)c2ccc(Oc3ccccc3)cc12,0.006612247321754694
CNc1nc(-c2ccc3c(N)n[nH]c3c2)cc(N2C[C@@H](C(=O)NC3CCCCC3)CC[C@H]2C)n1,0.08991871029138565
COc1cc2c(Nc3ccc(NC(=O)c4ccccc4)cc3)ncnc2cc1OCCCN1CCOCC1,0.4610992968082428
COc1ccc2c3n(c(=NC(=O)c4cccnc4)nc2c1OC)CCN3,0.0362389050424099
CCOc1cc(CC(=O)N[C@@H](CC(C)C)c2ccccc2N2CCCCC2)ccc1C(=O)O,0.043445855379104614
Cn1cc(C2=C(c3cn(C4CCN(Cc5ccccn5)CC4)c4ccccc34)C(=O)NC2=O)c2ccccc21,0.9718309044837952
CN1CCN(c2cc(C(=O)Nc3ccc4c(c3)-c3c(c(C(N)=O)nn3-c3ccc(F)cc3)CC4)c(Cl)cn2)CC1,0.7324032187461853
CN(C)CCN(Cc1ccc(Cl)cc1)c1ccccn1,0.9804276823997498
CN(C)CC=CC(=O)Nc1cc2c(Nc3ccc(F)c(Cl)c3)ncnc2cc1O[C@H]1CCOC1,0.04057329148054123
N#CC(=C1Nc2ccccc2S1)c1ccnc(OCc2ccc(CN3CCOCC3)cc2)n1,0.8793733716011047
COc1ccc(-n2nc(C(N)=O)c3c2C(=O)N(c2ccc(N4CCCCC4=O)cc2)CC3)cc1,0.029272660613059998
CC(O)=NCCC(O)=N[C@@H](CCC(N)=O)C(O)=N[C@@H](CO)C(O)=N[C@@H](CCC(N)=O)C(O)=N[C@@H](CCC(N)=O)C(O)=N[C@H](C(=O)N[C@@H](Cc1ccccc1)C(=O)N[C@]1(C)CCCCCCC=CCCC[C@@](C)(C(=O)N[C@@H](CCC(N)=O)C(O)=N[C@@H](CC(N)=O)C(N)=O)NC(=O)[C@H](CC(C)C)NC(=O)[C@H](CC(C)C)N=C(O)[C@@H](CCCN=C(N)N)NC(=O)[C@H](Cc2c[nH]c3ccccc23)NC(=O)[C@H](CC(C)C)NC(=O)[C@H](CC(N)=O)NC1=O)[C@H](C)O,0.0006250946316868067
COC1=CC(C)=C[C@@H](C)[C@@H](O)[C@@H](C)CC(C)=CC=C[C@H](OC)[C@@H]([C@@H](C)[C@@H](O)[C@H](C)[C@@]2(O)C[C@@H](O)[C@H](C)[C@@H](C(C)C)O2)OC1=O,0.019460145384073257
CCCC[N+]1(C)[C@H]2CC(OC(=O)[C@H](C[O-])c3ccccc3)C[C@@H]1[C@H]1O[C@@H]21,0.0021028146147727966
CCOC(=O)c1c(C(C#N)=CN)c2ccc(Cl)c(Cl)c2n1C,0.3925424814224243
CCN1C[C@]2(OC(=O)c3ccccc3NC(C)=O)CC[C@H](OC)[C@@]34[C@@H]2C[C@@H]([C@@H]13)[C@@]1(O)C[C@H](OC)[C@H]2C[C@@H]4[C@]1(O)[C@H]2OC,0.028653021901845932
COc1cc(N2CCC(N3CCN(C)CC3)CC2)ccc1Nc1ncc(Cl)c(Nc2ccccc2S(=O)(=O)C(C)C)n1,0.4762997329235077
COC(=O)[C@]12CCC(C)(C)C[C@H]1[C@H]1C(=O)C=C3[C@@](C)(CC[C@H]4C(C)(C)C(=O)C(C#N)=C[C@]34C)[C@]1(C)CC2,0.1894550621509552
COc1ccc(C2=N[C@H](c3ccc(Cl)cc3)[C@H](c3ccc(Cl)cc3)N2C(=O)N2CCNC(=O)C2)c(OC(C)C)c1,0.15884971618652344
CCCCCCCCCCCCCCCCCCOP(=O)([O-])OC1CC[N+](C)(C)CC1,0.0001397507730871439
O=C(O)C1(Cc2cccc(Nc3nccs3)n2)CCC(Oc2cccc(Cl)c2F)CC1,0.06877738237380981
Oc1ccc2ccccc2c1SSc1c(O)ccc2ccccc12,0.021068081259727478
FC(F)(F)c1ccc(C=Cc2nc(COc3ccc(CCCCn4ccnn4)cc3)co2)cc1,0.983514666557312
O=C(O)c1ccc(-c2c[nH]c3ncc(-c4ccccc4)cc23)cc1C1CCCC1,0.04650377109646797
Nc1nc(N)c(N=O)c(OCC2CCCCC2)n1,0.037152670323848724
COc1cc2c(cc1-c1c(C)noc1C)ncc1[nH]c(=O)n([C@H](C)c3ccccn3)c12,0.009410024620592594
O=C(O)c1ccc2c(c1)nc(Nc1cccc(Cl)c1)c1ccncc12,0.023828068748116493
C[C@H](NC(=Nc1cccc2ccccc12)NC#N)c1ccccc1,0.34420838952064514
CC1=C(C(=O)Nc2cc3cn[nH]c3cc2F)C(c2ccc(Cl)cc2F)NC(c2ccnc(Cl)c2)=N1,0.5634906888008118
Cc1cc([C@@H](C)Nc2ccccc2C(=O)O)c2nc(N3CCOCC3)cc(=O)n2c1,0.015202256850898266
CC[C@H](Nc1ncnc2[nH]cnc12)c1nc2cccc(F)c2c(=O)n1-c1ccccc1,0.22731588780879974
C[C@@H]1[C@H]2C3=CC[C@@H]4[C@@]5(C)CC[C@H](O)C(C)(C)[C@@H]5CC[C@@]4(C)[C@]3(C)CC[C@@]2(C(=O)O)CC[C@H]1C,0.0023898384533822536
Cc1ccc(CN2CCNCC2)cc1NC(=O)CNc1ccc(F)c(F)c1,0.04689434543251991
OCc1ccccc1O[C@@H]1O[C@H](CO)[C@@H](O)[C@H](O)[C@H]1O,0.0001679834967944771
COc1cc(N2CCC(N3CCN(C)CC3)CC2)ccc1Nc1ncnc(Nc2ccccc2S(=O)(=O)C(C)C)n1,0.3305366039276123
CCc1cccc(CC)c1NC(=O)N1Cc2[nH]nc(NC(=O)c3ccc(N4CCN(C)CC4)cc3)c2C1,0.04580335691571236
COc1ccc(Cn2ccc3ccc(C(=O)NO)cc32)cc1,0.019295724108815193
COc1ccc(-c2coc3cc(O)cc(O)c3c2=O)cc1,0.1612393856048584
CN1CCN(CCOc2cc(OC3CCOCC3)c3c(Nc4c(Cl)ccc5c4OCO5)ncnc3c2)CC1,0.32212796807289124
O=C(C[C@@H]1CC=CCCC(=O)O[C@H](c2ccccc2)CNC1=O)NCc1ccc(Cl)cc1,0.006025586277246475
CC#CCn1c(N2CCC[C@@H](N)C2)nc2c1c(=O)n(Cc1nc(C)c3ccccc3n1)c(=O)n2C,0.017165249213576317
Cc1cc(Nc2cc(N3CCN(C)CC3)nc(C=Cc3ccccc3)n2)n[nH]1,0.9731403589248657
O=C(NC[C@H]1CN(c2ccc(N3CCOCC3=O)cc2)C(=O)O1)c1ccc(Cl)s1,0.005379087757319212
CCCNC(=O)Nc1ccc(Oc2ncnc3cc(OC)c(OC)cc23)cc1Cl,0.0018181707710027695
Fc1ccc(Cl)cc1-c1nc(Nc2ccncc2)c2nccnc2n1,0.49484556913375854
CCN1CCN(Cc2ccc(-c3cc4c(N[C@H](C)c5ccccc5)ncnc4[nH]3)cc2)CC1,0.9358488917350769
CC(C)(C)c1cnc(CSc2cnc(NC(=O)C3CCNCC3)s2)o1,0.003329450497403741
O=C1c2ccccc2-n2ccc3c4ccccc4nc-3c21,0.31143277883529663
Cc1ccc(Nc2cc(-c3cccc(N4C(=O)c5ccccc5C4=O)c3)ncn2)cc1NS(C)(=O)=O,0.4434434771537781
NCC(=O)Nc1ccc(-n2nc(C(F)(F)F)cc2-c2ccc3c(ccc4ccccc43)c2)cc1,0.02970738522708416
COc1cc(N2CCC(C(N)=O)CC2)ccc1Nc1nc(N)c(Cl)c(Nc2ccccc2S(=O)(=O)C(C)C)n1,0.5786648988723755
O=C(Nc1ccccc1Br)N[C@@H]1CCN(c2ccc(C(F)(F)F)cn2)C1,0.32378074526786804
CC(N[C@H]1C[C@@H]1c1ccccc1)c1ccc2c(c1)OCCO2,0.9821313619613647
O=C(c1ccc(C(=O)N2CCC(N3CCCC3)CC2)c(Nc2ccccc2)c1)N1CCC(N2CCCC2)CC1,0.0787585973739624
Cc1sc2c(c1C)C(c1ccc(Cl)cc1)=N[C@@H](CC(=O)OC(C)(C)C)c1nnc(C)n1-2,0.027714315801858902
COc1ccc(-c2c(-c3ccc(O)cc3O)n[nH]c2C)cc1,0.02449517510831356
CC(C)Nc1cc(C(F)(F)F)cc2nc(NC(=O)c3cccnc3)nn12,0.20260609686374664
Cc1ccc(-n2nc(C(C)(C)C)cc2NC(=O)Nc2ccc(OCCN3CCOCC3)c3ccccc23)cc1,0.7266808748245239
CN1CCN(c2ccc3[nH]c(-c4c(N)c5c(F)cccc5[nH]c4=O)nc3c2)CC1,0.5014769434928894
CC1(C)C(=O)N(CCN2CCC(C(=O)c3ccc(F)cc3)CC2)c2ccccc21,0.9166253805160522
Nc1nccc(Oc2ccc(NC(=O)c3c[nH]cc(-c4ccc(F)cc4)c3=O)cc2F)c1Cl,0.356836199760437
CNC(=O)c1ccc(C)c(-n2c(C)cc(OCc3ccc(F)cc3F)c(Br)c2=O)c1,0.17994365096092224
CN(C)C(=O)c1ccc(S(=O)(=O)c2ccc(NC(=O)[C@@](C)(O)C(F)(F)F)c(Cl)c2)cc1,0.016470059752464294
CCOC(=O)C1=C(N)Oc2ccc(Br)cc2C1C(C#N)C(=O)OCC,0.1323278397321701
NC(=O)c1ccc(-c2nc(-c3ccccn3)c(-c3ccc4c(c3)OCO4)[nH]2)cc1,0.543787956237793
CS(=O)(=O)N1CCN(Cc2cc3nc(-c4cccc5[nH]ncc45)nc(N4CCOCC4)c3s2)CC1,0.06309295445680618
COC(=O)c1ccc2c(C(=Nc3ccc(N(C)C(=O)CN4CCN(C)CC4)cc3)c3ccccc3)c(O)[nH]c2c1,0.5957329273223877
CCOC(=O)C1=C(C)NC2=C(C(=O)CC(C)(C)C2)C1c1ccc(-c2ccccc2)cc1,0.5240290760993958
O=C(CCCCCCNC(=O)c1cnc(N(c2ccccc2)c2ccccc2)nc1)NO,0.05529792234301567
N[C@@H](CC(=O)N1CCn2c(nnc2C(F)(F)F)C1)Cc1cc(F)c(F)cc1F,0.00021024160378146917
CC1(C)Cc2c(sc(NC(=S)NC(=O)c3ccccc3)c2C(=O)O)CO1,0.17040225863456726
COc1cc(C(C)C)c2c(c1)S(=O)(=O)N(COc1cc(=O)n3cccc(OCCN4CCCCC4)c3n1)C2=O,0.260419100522995
CC1(C)C(N(O)C(=O)Nc2ccc(Cl)cc2)N(c2ccc(Cl)cc2)C(=O)N1CC(=O)NN=CC=Cc1ccc([N+](=O)[O-])o1,0.20193348824977875
COc1nccc(-c2c(-c3ccc(F)cc3)ncn2C2CCNCC2)n1,0.8321783542633057
NC(=O)c1ccc(N(C(N)=O)c2c(F)cccc2F)nc1-c1ccc(F)cc1F,0.1559755951166153
Cc1ccc(-c2ncn(-c3ccc(Nc4nccc(-c5cccc(N6CCOCC6)c5)n4)cc3)n2)cn1,0.7327871918678284
Cc1nc(N)ncc1-c1nc(N2CCOCC2)c2sc(C(C)(C)O)cc2n1,0.0008898663218133152
COc1cc(Cl)cn2c(-c3cccc(NC4CNC4)n3)cnc12,0.6732949018478394
CC(C)[C@H](CO)Nc1nc(Nc2cccc(Cl)c2)c2ncn(C(C)C)c2n1,0.012049010023474693
COc1cc(Nc2ncc(F)c(Nc3ccc4c(n3)NC(=O)C(C)(C)O4)n2)cc(OC)c1OC,0.02012464962899685
C[C@@H](N)C1CCC(C(=O)Nc2ccncc2)CC1,0.001777863479219377
Cc1ccc(C(=O)c2cc(O)c(O)c([N+](=O)[O-])c2)cc1,0.03130852431058884
COC(=O)Nc1ccc(-c2nc(N3CCOCC3)c3cnn(C4CCN(Cc5cccnc5)CC4)c3n2)cc1,0.07684901356697083
NC(=O)[C@@H](CCC(F)(F)F)N(Cc1ccc(-c2ncon2)cc1F)S(=O)(=O)c1ccc(Cl)cc1,0.0002368878631386906
Nc1nc(N)c2nc(-c3cccc(O)c3)c(-c3cccc(O)c3)nc2n1,0.016489513218402863
NC(=O)C1CCCc2c1[nH]c1ccc(Cl)cc21,0.15617690980434418
O=C(NCc1ccncc1)C12C[C@H]3C[C@@H](C1)CC(c1ccc(Cl)cc1)(C3)C2,0.9946229457855225
Oc1ccc(C2CCN(c3ccnc4ccccc34)CC2)cc1O,0.3005882203578949
CNCCC(Oc1ccc(C(F)(F)F)cc1)c1ccccc1,0.9933956265449524
C=CC(=O)Nc1ccc2ncnc(Nc3ccc(OCc4cccc(F)c4)c(Cl)c3)c2c1,0.726407527923584
CN[C@@H](C)C(=O)N[C@H]1CN(C(=O)CC(C)C)CC[C@H]2CC[C@@H](C(=O)NC(c3ccccc3)c3ccccc3)N2C1=O,0.09031528234481812
C[C@@H](NC(=O)c1ncnc(N)c1Cl)c1ncc(C(=O)Nc2cc(C(F)(F)F)c(Cl)cn2)s1,0.01115046814084053
CCN1CCN(CC(=O)Nc2ccc(-c3cccc4c(=O)cc(N5CCOCC5)oc34)c3sc4ccccc4c23)CC1,0.7310125827789307
N#C[C@@H]1C[C@@H]2C[C@@H]2N1C(=O)[C@@H](N)C12CC3CC(CC(O)(C3)C1)C2,3.611729698604904e-05
CCN(CCO)CCCOc1ccc2c(Nc3cc(CC(=O)Nc4cccc(F)c4)[nH]n3)ncnc2c1,0.374744713306427
COc1ccc(S(=O)(=O)N(C(C)=O)c2ccccc2C=Cc2cc[n+]([O-])cc2)cc1,0.00018171397096011788
CC(=O)Nc1sc2c(c1-c1nc3ccccc3s1)CNC2,0.0031763375736773014
CCOc1cc2ncc(C#N)c(Nc3ccc(F)c(Cl)c3)c2cc1NC(=O)C=CCN(C)C,0.13059890270233154
Cc1ccc(NC(=O)c2cccc(N(C)C)c2)cc1NC(=O)c1ccc(O)cc1,0.21088998019695282
O=C1NC(=O)C(=Cc2ccc(-c3ccc(F)cc3)o2)S1,0.22246381640434265
CC1(C)CC(=O)c2c(C(F)(F)F)nn(-c3ccc(C(N)=O)c(NC4CCC(O)CC4)c3)c2C1,0.12792463600635529
COc1cccc2c(NCc3ccccc3)nc(-n3c(N)nc4ccccc43)nc12,0.8322699666023254
COc1ccc(S(=O)(=O)Nc2cc(-c3c(O)ccc4ccccc34)c(O)c3ccccc23)cc1,0.03454803302884102
N#Cc1c(O)[nH]c2scc(-c3ccc(-c4ccccc4O)cc3)c2c1=O,0.12184160202741623
COc1ccc(F)c(F)c1C(=O)c1cnc(NC2CCN(S(C)(=O)=O)CC2)nc1N,0.04869736358523369
O=C(O)C1=CO[C@@H](O[C@@H]2O[C@H](CO)[C@@H](O)[C@H](O)[C@H]2O)[C@@H]2C(CO)=CC[C@H]12,0.0012455845717340708
CC(C)C[C@H](NC(=O)CNC(=O)c1cc(Cl)ccc1Cl)B1OC(=O)CC(CC(=O)O)(C(=O)O)O1,0.003038420109078288
CN(C)c1nc(Cc2ccc(NC(=O)c3ccc4ccccc4c3)cc2)nc(Cl)c1CC(=O)O,0.005884493235498667
C#Cc1cccc(Nc2ncnc3cc(OC)c(OCCCCCCC(=O)NO)cc23)c1,0.055298853665590286
c1cc(-c2cnn3cc(-c4ccc(OCCN5CCCCC5)cc4)cnc23)ccn1,0.8424386382102966
Cc1ccc(NC(=O)c2ccc(CN3CC[C@H](N(C)C)C3)c(C(F)(F)F)c2)cc1Nc1ncc(-c2cncnc2)cn1,0.19454777240753174
S=C(NCc1ccc2c(c1)OCO2)N1CCN(c2ncnc3c2oc2ccccc23)CC1,0.9310042262077332
N#Cc1ccc(COC[C@H]2O[C@@H](n3c(NCc4ccc(Cl)c(Cl)c4)nc4c(N)ncnc43)[C@H](O)[C@@H]2O)cc1,0.21496811509132385
CC=C1NC(=O)[C@H]2CSSCCC=C[C@H](CC(=O)N[C@H](C(C)C)C(=O)N2)OC(=O)[C@H](C(C)C)NC1=O,0.0002392177120782435
Cn1c(Nc2ccc(C(F)(F)F)cc2)nc2cc(Oc3ccnc(-c4nc(C(F)(F)F)c[nH]4)c3)ccc21,0.7217113375663757
Nc1cc(C(F)(F)F)c(-c2cc(N3CCOCC3)nc(N3CCOCC3)n2)cn1,0.1274549514055252
N=C(N)c1ccc(OCCCCCOc2ccc(C(=N)N)cc2)cc1.O=[SH](=O)OCCO.O=[SH](=O)OCCO,0.10472534596920013
COc1cc(F)c(F)c(Nc2ccc(I)cc2F)c1NS(=O)(=O)C1(C[C@H](O)CO)CC1,0.0609196312725544
CCc1ccc(C=C2SC(=S)NC2=O)cc1,0.01613323576748371
CC(C)n1cnc2c(NCCc3ccc(O)cc3)nc(-c3csc4ccccc34)nc21,0.4711878001689911
NC(=O)c1cccc(-c2cc(Nc3ccc(OC(F)(F)F)cc3)ncn2)c1,0.7925029397010803
CN(C)CCCNc1c2c(=O)n(C)c(=O)nc-2n(C)c2ccccc12,0.008508519269526005
Cc1[nH]c(C=C2C(=O)Nc3ccc(S(=O)(=O)N(C)c4cccc(Cl)c4)cc32)c(C)c1C(=O)N1CCN(C)CC1,0.5222986936569214
CCCCCCCc1ccc(CCc2cccc(O)c2C(=O)O)cc1,0.35830873250961304
Nc1ncnc2c1c(-c1cnc3[nH]ccc3c1)nn2C1CCCC1,0.258372962474823
COCCOc1nc(-c2ccc(Cl)c(Cl)c2)n(-c2ccc(NC(=O)CCl)cc2)n1,0.3921406865119934
Cc1c(C)n(Cc2ccc(-c3ccccc3C(=O)O)cc2)c2ccc(C(=O)N[C@@H](C)c3ccc([N+](=O)[O-])cc3)cc12,0.0856102928519249
CC(C)n1nc(-c2cc3cc(O)ccc3[nH]2)c2c(N)ncnc21,0.00738879106938839
COc1cccc(-c2ccc(NC(=O)C3=C(C(=O)O)CCC3)c(F)c2)c1,0.01621655933558941
CN1CCC(CNc2ccc3ncc(-c4cccc(OC(F)(F)F)c4)n3n2)CC1,0.9572227597236633
Nc1ncnc2ccccc12,0.0008471386390738189
CCCCc1nc2cc(C=CC(=O)NO)ccc2n1CCN(CC)CC,0.03839198499917984
Cc1cccc(Nc2nc(N[C@@H]3CCCC[C@@H]3N)ncc2C(N)=O)c1,0.22828015685081482
Cc1ccc2nc(NCCN)c3ncc(C)n3c2c1,0.2368430644273758
Clc1ccc(C2(c3ccc(-c4cn[nH]c4)cc3)CCNCC2)cc1,0.8168160915374756
CC(N[C@H]1CCCC[C@@H]1NC(=O)c1ccc(Cl)cc1)c1cccc2ccccc12,0.9762932062149048
CCCCOCCOc1nc(-c2ccc(C(=O)O)c(F)c2)sc1C,0.025237638503313065
Cc1nc(NC(=O)N2CCC[C@H]2C(N)=O)sc1-c1ccnc(C(C)(C)C(F)(F)F)c1,0.0023237373679876328
Cc1cc(CS(=O)(=O)c2ccccc2)cc(OCc2ccc(CN3CCC[C@@H]3CO)cc2)c1,0.7418813705444336
CN[C@@H](C)C(=O)N[C@H]1CCCC[C@H]2CC[C@@H](C(=O)N[C@@H](c3ccccc3)c3cn(CCCCc4ccc(CCCCn5cc([C@@H](NC(=O)[C@@H]6CC[C@@H]7CCCC[C@H](NC(=O)[C@H](C)NC)C(=O)N76)c6ccccc6)nn5)cc4)nn3)N2C1=O,0.07292704284191132
Clc1cccc(-c2nnnn2Cc2cccnc2)c1Cl,0.002536711748689413
CCOC(=O)[C@@H](N)Cc1ccc(-c2cc(O[C@H](c3ccc(Cl)cc3-n3ccc(C)n3)C(F)(F)F)nc(N)n2)cc1,0.003691691905260086
COc1cc2nccc(Oc3ccc(NC(=O)C4(C(=O)Nc5ccc(F)cc5)CC4)cc3)c2cc1OC,0.6301010251045227
NC(=O)Nc1sc(-c2ccc(F)cc2)cc1C(N)=O,0.040617384016513824
COc1ccc2c(c1)c(C1=C(c3c[nH]c4ccccc34)C(=O)NC1=O)cn2CCCN(C)C,0.9442664384841919
CCOC(=O)CN[C@@H](C(=O)N1CC[C@H]1C(=O)N(C)c1ccc(C(=N)NO)cc1)C1CCCCC1,0.007424685638397932
CN1C[C@H]2c3ccccc3Oc3ccc(Cl)cc3[C@@H]2C1,0.9973928928375244
CCN(CC)CCCC(C)Nc1nc(C)cc(Nc2ccc3nc(C)cc(N)c3c2)n1,0.9433085322380066
CNC(=O)c1ccc2c(C(=Nc3cccc(CN(C)C)c3)c3ccccc3)c(O)[nH]c2c1,0.43440791964530945
O=C1NC(=O)C(=Cc2cccc(C(F)(F)F)c2)S1,0.031013336032629013
Cn1cc(-c2ccc3nnc(C(F)(F)c4ccc5ncccc5c4)n3n2)cn1,0.0024729359429329634
C=CC(=O)Nc1cccc(Nc2nc(NC3CCC(N(C)C)CC3)nc3c2ncn3C(C)C)c1,0.4483989477157593
CC(C)c1cnn2c(NCc3ccccc3)cc(NCCCCCCN)nc12,0.9116379618644714
CNC(=O)c1c(F)cccc1Nc1nc(Nc2cc3c(cc2OC)CCN3C(=O)CN(C)C)nc2[nH]ccc12,0.0802101418375969
Nc1ncnc2c1c(-c1cccc(OCc3ccccc3)c1)cn2C1CC(CN2CCCC2)C1,0.9963551759719849
CCc1cc(Nc2nccc(-c3c(-c4ccc(OC)c(C(=O)Nc5c(F)cccc5F)c4)nc4ccccn34)n2)c(OC)cc1N1CCC(N2CCN(S(C)(=O)=O)CC2)CC1,0.38725098967552185
COc1cc2ncnc(Nc3cccc(Br)c3)c2cc1OC,0.12569667398929596
COc1ccc2cc(-c3nc(-c4ccc(S(C)=O)cc4)[nH]c3-c3ccncc3)ccc2c1,0.6051046252250671
Cc1c(NC(=O)c2ccc(C(C)(C)C)cc2)cccc1-c1cn(C)c(=O)c(Nc2ccc(C(=O)N3CCOCC3)cc2)n1,0.25615394115448
CC1(C)CNc2cc(NC(=O)c3cccnc3NCc3ccncc3)ccc21,0.572935163974762
CCC=CC[C@H]1C(=O)CC[C@@H]1CC(=O)OC,0.021253326907753944
O=C(O)c1ccc2cc(-c3ccc(O)c(C45CC6CC(CC(C6)C4)C5)c3)ccc2c1,0.10441513359546661
CCn1c(C(=O)N(C2CC2)C2CC2)cc2c3c(ncn3C)c(Nc3cc(C)n(C)n3)nc21,0.7122725248336792
C[C@@H](Oc1ccc2[nH]nc(C=Cc3cnn(CCO)c3)c2c1)c1c(Cl)cncc1Cl,0.044917166233062744
NC1=N[C@@]2(c3cc(NC(=O)c4ccc(F)cn4)ccc3F)COC[C@H]2CS1,0.8615023493766785
CC(C)C[C@@H](C(=O)N[C@H](C(=O)OC1CCCC1)c1ccccc1)[C@H](O)C(=O)NO,0.05912678316235542
Oc1ccc([C@@H]2Oc3ccc(O)cc3[C@@H]3CCC[C@@H]32)cc1,0.2403738796710968
O=C1C(Cl)=C(NCCN2CCOCC2)C(=O)c2ncccc21,0.03571304678916931
COc1ccc2c(c1)CC[C@@H]1[C@@H]2CC[C@]2(C)[C@@H](NCCCCCCN3C(=O)C=CC3=O)CC[C@@H]12,0.2818528115749359
Cn1c(=O)n(-c2ccc(C(C)(C)C#N)cc2)c2c3cc(-c4cnc5ccccc5c4)ccc3ncc21,0.006790407933294773
CCOc1cc(N2CCC(O)CC2)ccc1Nc1ncc2c(n1)N(C)c1ccccc1C(=O)N2C,0.03281805291771889
N#Cc1c(C2CCNCC2)cc(-c2c(O)cccc2OCC2CC2)nc1N,0.4234004616737366
OC(CCN1CCCCC1)(c1ccccc1)C1CC2C=CC1C2,0.5068210363388062
c1cc(-c2sc(-c3ccncc3)c(-c3ccncc3)c2-c2ccncc2)ccn1,0.1368512660264969
CC1=C[C@H]2[C@@H]3C[C@@H](C)[C@](O)(C(=O)CO)[C@@]3(C)C[C@H](O)[C@@H]2[C@@]2(C)Cc3cnn(-c4ccccc4)c3C=C12,0.028593292459845543
NS(=O)(=O)c1ccc(Nc2nc(OCC3CCCCC3)c3nc[nH]c3n2)cc1,0.26729515194892883
CC(C)C[C@@H](C=O)NC(=O)[C@H](CC(C)C)NC(=O)[C@H](CC(C)C)NC(=O)OCc1ccccc1,0.13307659327983856
C=C[C@H]1CN2CC[C@H]1C[C@H]2[C@H](O)c1ccnc2ccc(OC)cc12,0.9221855998039246
C=C[C@H]1CN2CCC1C[C@@H]2C(O)c1ccnc2ccc(OC)cc12,0.8131837248802185
O=C(NC1CCNCC1)c1n[nH]cc1NC(=O)c1c(Cl)cccc1Cl,0.052103620022535324
COc1cc(OC)c(C=CS(=O)(=O)Cc2ccc(OC)c(NCC(=O)O)c2)c(OC)c1,0.0032661217264831066
C[C@@]12C[C@@]3(O)O[C@@H](O1)[C@]1(COC(=O)c4ccccc4)[C@H]3C[C@]21O[C@@H]1O[C@H](CO)[C@@H](O)[C@H](O)[C@H]1O,0.365069180727005
Nc1nc(=O)n([C@H]2C[C@H](O)[C@@H](CO)O2)cc1F,0.0004416191950440407
CCN1CCN(C(=O)NC(C(=O)NC2C(=O)N3C2SC(C)(C)C3C(=O)O)c2ccccc2)C(=O)C1=O,0.0017423382960259914
O=c1[nH]nc(Sc2ncc([N+](=O)[O-])s2)n1-c1ccc2c(c1)OCCO2,6.652853335253894e-05
CNC(=O)c1nn(C)c2c1C(C)(C)Cc1cnc(Nc3ccc(N4CCN(C)CC4)cc3)nc1-2,0.14965158700942993
C[C@@]1(C(=O)Nc2ccc(F)nc2)CCCN1c1nc(Nc2cc(C3CC3)n[nH]2)c2cccn2n1,0.0695064440369606
NC(=O)c1cnc(-c2ccc(C3(N)CCC3)cc2)c(-c2ccccc2)c1,0.05069982260465622
Cc1cccc(-c2nc(C(C)(C)C)[nH]c2-c2ccc3nccnc3c2)n1,0.0988834947347641
CC1=C(C(=O)Nc2cc3cn[nH]c3cc2F)C(c2ccc(C(F)(F)F)cc2)CC(=O)N1,0.05547960847616196
COc1cc(C)c(Sc2cnc(NC(=O)c3ccc(CNC(C)C(C)C)cc3)s2)cc1C(=O)N1CCN(C(C)=O)CC1,0.04604682698845863
OCCC#Cc1nc(-c2ccc(F)cc2)c(-c2ccncc2)n1CCCc1ccccc1,0.8681878447532654
CC(O)(C#Cc1ccc2c(c1)N(c1nc(N)ncc1Cl)CC2)c1nccs1,0.0047626979649066925
Cc1ccccc1C(C(=O)NC1CCCC1)N(C(=O)Cn1cnc2ccccc21)c1cccc(F)c1,0.6199832558631897
COc1ccc(C2CC(c3ccccc3)=NN2c2ccc(S(N)(=O)=O)cc2)cc1,0.16809560358524323
CC(NCc1ccc2c(c1)nc(NC(=O)c1ccc(-c3cn[nH]c3)s1)n2CC(C)(C)O)C(C)(C)C,0.036192793399095535
CO[C@@H](C(=O)N1Cc2[nH]nc(NC(=O)c3ccc(N4CCN(C)CC4)cc3)c2C1)c1ccccc1,0.025430381298065186
Cc1c(CN2CCN(S(C)(=O)=O)CC2)sc2c(N3CCOCC3)nc(-c3cnc(N)nc3)nc12,0.005931395571678877
Cc1cc(SCc2sc(-c3ccc(C(F)(F)F)cc3)nc2C)ccc1OCC(=O)O,0.009631196036934853
CNC(=O)c1ccc(N2C(=S)N(c3ccc(C#N)c(C(F)(F)F)c3)C(=O)C2(C)C)cc1F,0.002828914439305663
COc1cc(OC)cc(-c2ccc3ncc4ccc(=O)n(-c5ccc(N6CCNCC6)c(C(F)(F)F)c5)c4c3c2)c1,0.31759750843048096
CNCc1ccc(-c2[nH]c3cc(F)cc4c3c2CCNC4=O)cc1,0.2684897482395172
O=C(Nc1cc(C(F)(F)F)cc(C(F)(F)F)c1)c1cc(Cl)ccc1O,0.4462595283985138
CC(C)c1nn(-c2c(Cl)cccc2Cl)c2[nH]c(Cc3ccc(OCCO)cc3)nc(=O)c12,0.07049840688705444
Clc1ccc2ncc(-c3cccc(NC4CNC4)n3)n2c1,0.7086309194564819
COc1ccc(-c2cc3c(C)nc(N)nc3n([C@H]3CC[C@H](OCCO)CC3)c2=O)cn1,0.004472628701478243
NS(=O)(=O)c1cccc2c1C(=O)c1cccc(O)c1C2=O,0.006731107365339994
OCCNC1CCCc2c1[nH]c1ccc(-c3ccccc3)cc21,0.8181889057159424
CCC[C@H](NC(=O)C(C#N)=Cc1cccc(Br)n1)c1ccccc1,0.598299503326416
C=C1C(=CC=C2CCC[C@@]3(C)[C@H]2CC[C@@H]3[C@H](C)C=C[C@H](C)C(C)C)C[C@@H](O)C[C@@H]1O,0.050200797617435455
O=C(Nc1cccc(Nc2ncc(Br)c(NCCc3c[nH]cn3)n2)c1)N1CCCC1,0.7018710970878601
CNC(=O)[C@H](Cc1ccccc1)NC(=O)[C@H](CC(C)C)[C@H](CSc1cccs1)C(=O)NO,0.00832299329340458
N=c1c2c(-c3ccccc3)c(-c3ccccc3)n(Cc3ccccc3)c2ncn1C1CCC(O)CC1,0.45043250918388367
Cc1cn2cc(C(=O)N(C)CCO)cc(N[C@@H]3CCOc4cccc(C)c43)c2n1,0.05101550742983818
CC=C(C)C(=O)O[C@H]1C(C)=C[C@]23C(=O)[C@@H](C=C(CO)[C@@H](O)[C@]12O)[C@H]1[C@@H](C[C@H]3C)C1(C)C,0.1286448836326599
COc1cc2ncnc(-n3nc(-c4ccccn4)nc3N)c2cc1OC,0.03561060130596161
CN(C)Cc1cccc(N=C(c2ccccc2)c2c(O)[nH]c3cc(C(=O)N(C)C)ccc23)c1,0.15134969353675842
Cc1nc(Nc2n[nH]c3c2CN(C(=O)N[C@H](CN(C)C)c2ccccc2)C3(C)C)c2sccc2n1,0.018689827993512154
C=CC(=O)Nc1cc(NC(=O)c2ccc(C)c(NC(=O)c3ccno3)c2)cc(C(F)(F)F)c1,0.46002861857414246
CNC(=O)c1ccc(Nc2cc(Nc3ccccc3S(=O)(=O)C(C)C)c3cc[nH]c3n2)nc1,0.34158313274383545
COc1cc2c(Nc3ccc(Cl)c(Cl)c3F)ncnc2cc1OCC1C[C@@H]2CN(C)C[C@@H]2C1,0.5049031972885132
COc1ccc(-c2cc3nccn3c(Nc3ncccc3C(N)=O)n2)cc1OC,0.07737499475479126
CC(C)c1ccccc1Cc1cc(C(=O)Nc2ccc(S(=O)(=O)c3ccccc3C(C)(C)C)cc2)c(O)c(O)c1O,0.6389606595039368
CC1(C)CCC(c2ccc(Cl)cc2)=C(CN2CCN(c3ccc(C(=O)NS(=O)(=O)c4ccc(N[C@H](CCN5CCOCC5)CSc5ccccc5)c(S(=O)(=O)C(F)(F)F)c4)cc3)CC2)C1,0.6273264288902283
Cc1cc(Nc2nc(N[C@@H](C)c3ccc(F)cc3)c(C#N)cc2F)n[nH]1,0.9157096147537231
CN(C)CC[C@H](CSc1ccccc1)Nc1ccc(S(=O)(=O)NC(=O)c2ccc(N3CCN(Cc4ccccc4-c4ccc(Cl)cc4)CC3)cc2)cc1[N+](=O)[O-],0.6043239235877991
CC(C)C(=O)Nc1ncc(-c2cc(C(F)F)nn2-c2c(Cl)cccc2Cl)s1,0.07554178684949875
O=S(=O)(O)c1ccc2cc(N=Nc3cc(S(=O)(=O)O)c4cccnc4c3O)ccc2c1,0.007860837504267693
O=C(NOC[C@H](O)CO)c1ccc(F)c(F)c1Nc1ccc(I)cc1F,0.007472701370716095
CC(C)(CO)[C@@H](O)C(=O)NCCC(=O)O,4.8319554480258375e-05
N=C1SC(=Cc2ccc(-c3ccc4c(c3)C(=O)NC4=O)o2)C(=O)N1c1ccc(Br)cc1,0.7385908961296082
CC(C)(C)c1nc(-c2cccc(NS(=O)(=O)c3c(F)cccc3F)c2F)c(-c2ccnc(N)n2)s1,0.007841874845325947
OCc1ccc(-c2ccc(-c3ccc(CO)s3)o2)s1,0.00160433747805655
CN(C)c1nc(Cc2ccc(NC(=O)c3ccc(C(F)(F)F)cc3)cc2)nc(N(C)C)c1CC(=O)O,0.006441696546971798
CCC(=C(c1ccc(O)cc1)c1ccc(OCCNC)cc1)c1ccccc1,0.8551797866821289
C=CCn1c(=O)c2cnc(Nc3ccc(N4CCN(C)CC4)cc3)nc2n1-c1cccc(C(C)(C)O)n1,0.19146321713924408
O=C1NCCc2[nH]c(-c3ccncc3)cc21,0.014442265965044498
CC1=C(CO)C(=O)O[C@@H]([C@@H](C)[C@H]2CC[C@H]3[C@@H]4C[C@H]5O[C@]56[C@@H](O)C=CC(=O)[C@]6(C)[C@H]4CC[C@@]32C)C1,0.06135714799165726
Cn1cncc1[C@@](N)(c1ccc(Cl)cc1)c1ccc2c(c1)c(-c1cccc(Cl)c1)cc(=O)n2C,0.000483477720990777
Cc1c[nH]c(-c2cnc(NCCNc3ccc(C#N)cn3)nc2-c2ccc(Cl)cc2Cl)n1,0.8911421298980713
O=C(Nc1ccc(F)c(C(F)(F)F)c1)Nc1nnc(-c2ccncc2)s1,0.008754321373999119
CN(C)Cc1ccc(-c2nc3cccc4c3n2CCNC4=O)cc1,0.05188806354999542
COc1cc(Oc2ccnc3cc(OC)c(OC)cc23)ccc1NC(=O)NC(C)c1nccs1,0.0030606091022491455
C=CC1(C)CC(=O)C2(O)C(C)(O1)C(OC(C)=O)C(O)C1C(C)(C)CCC(O)C12C,0.0011842804960906506
CCn1cc(-c2ccnc3[nH]c(-c4cccc(CN(C)C)c4)cc23)c(-c2ccc(NC(=O)N(C)C)cc2)n1,0.17411798238754272
CCOc1ccn(-c2ccc(F)cc2)c(=O)c1C(=O)Nc1ccc(Oc2ccnc(N)c2Cl)c(F)c1,0.464923232793808
O=C(NC1CC1)c1cccc(-c2ccc3c(NC(=O)C4CC4)n[nH]c3c2)c1,0.4424726068973541
NS(=O)(=O)c1ccc(NC2=CC(=O)c3ccccc3C2=O)cc1,0.0997975543141365
N#Cc1c(NC(=O)c2cccc3ccccc23)sc2c1CCCC2,0.8925217986106873
CNC(=O)CN1CCC(Oc2cc3c(Nc4cccc(Cl)c4F)ncnc3cc2OC)CC1,0.18681776523590088
CC(=O)N1CCN(c2ccc(OCc3nn(C)c(C)c3-c3cccc4c(CCCOc5cc(C)c(Cl)c(C)c5)c(C(=O)O)n(Cc5cccnc5)c34)cc2)CC1,0.16450126469135284
c1ccc2c(Cc3c[nH]c4ccccc34)c[nH]c2c1,0.06925272196531296
COc1cc(C(C)=O)ccc1OCCCN1CCC(c2noc3cc(F)ccc23)CC1,0.9967362284660339
CC(C)(O)c1cc2nc(-c3cnc(N)nc3)nc(N3CCOCC3)c2s1,0.0009597368771210313
O=C(Nc1cc(Cl)cc2c1[nH]c1cnccc12)c1cccnc1,0.08965770155191422
c1cncc(CN2CCC(n3ncc4c(N5CCOCC5)nc(-c5ccc6[nH]ccc6c5)nc43)CC2)c1,0.19590431451797485
Cc1cc(Nc2ncnc3ccc(-c4ccc(CNCCS(C)(=O)=O)o4)cc23)ccc1Oc1ccn2ncnc2c1,0.4677928388118744
CCc1ccc(C(=O)Nc2cc(CN3CCN(C)CC3)cc(C(F)(F)F)c2)cc1C#Cc1cnc2ccnn2c1,0.4041208326816559
CC(C)(C)C(=O)Oc1ccc2c(c1)nc(NC(=O)c1cccc([N+](=O)[O-])c1)n2CCCO,0.7384465336799622
Clc1cc(Cl)cc(CNc2ncncc2-c2ccc3c(c2)OCO3)c1,0.6652041673660278
COc1ccccc1[C@H](c1cccc2ccccc12)[C@@](C)(C#N)C(=O)N1CCC(c2cccc(C(F)(F)F)c2)CC1,0.03268355503678322
C=CC(=O)Nc1cccc(Sc2nc(Nc3ccc(N4CCN(C)CC4)cc3)ncc2Cl)c1,0.8294752240180969
C=CC(=O)Nc1cccc(Oc2nc(Nc3ccc(N4CCN(C)CC4)cc3)ncc2Cl)c1,0.7144044041633606
NC1(c2ccc(-c3nc4ccn5c(=O)[nH]nc5c4cc3-c3ccccc3)cc2)CCC1,0.008339326828718185
COc1cc2c(Oc3ccc(NC(=O)C4(C(=O)Nc5ccc(F)cc5)CC4)cc3F)ccnc2cc1OCCCN1CCOCC1,0.7613149881362915
Cc1c(NC(=O)OC[C@@H]2COCCN2)cn2ncnc(Nc3ccc4c(cnn4Cc4cccc(F)c4)c3)c12,0.055372558534145355
CC(=O)Nc1ccc([C@H](C)C(=O)Nc2ncc(C(C)C)s2)cc1,0.001355169340968132
Cc1nc2cnc3ccc(C#Cc4cccnc4)cc3c2n1-c1ccc(C(C)(C)C#N)cc1,0.006051803007721901
Cc1[nH]c(C=C2C(=O)Nc3ccc(S(=O)(=O)Cc4c(Cl)cccc4Cl)cc32)c(C)c1C(=O)N1CCC[C@@H]1CN1CCCC1,0.8092052340507507
CC(C)C[C@H](CC(=O)O)C(=O)N[C@@H](Cc1c[nH]c2ccccc12)C(=O)N[C@@H](C)c1ccccc1,0.007020881865173578
O=c1ncn2nc(Sc3ccc(F)cc3F)ccc2c1-c1c(Cl)cccc1Cl,0.07968270033597946
COC1=C[C@@H]2[C@@H]3Cc4ccc(OC)c(O)c4[C@]2(CCN3C)CC1=O,0.0652693510055542
CCn1c(-c2nonc2N)nc2cncc(CNC3CCNCC3)c21,0.004253714345395565
C1=CCOCc2cc(ccc2OCCN2CCCC2)Nc2nccc(n2)-c2cccc(c2)OCC1,0.01500385720282793
C=CCc1ccc(O)c(-c2ccc(O)c(CC=C)c2)c1,0.02016722783446312
Cc1c(C(=O)Nc2cccc(C(F)(F)F)c2)cc(-c2ccccc2)n1CCCN1CCOCC1,0.9642978310585022
CC(Oc1ccc(O)cc1)(P(=O)(O)O)P(=O)(O)O,5.499212056747638e-05
COC[C@H](NC(=O)c1cnc(C)s1)C(=O)N[C@@H](COC)C(=O)N[C@@H](Cc1ccccc1)C(=O)[C@@]1(C)CO1,0.001461350591853261
COc1ccc(CC2SC(=O)NC2=O)cc1C(=O)NCc1ccc(C(F)(F)F)cc1,0.028904791921377182
CC1=C2N=C(C=C3N=C(C(C)=C4N=C(C(CC(N)=O)C4(C)CCC(=O)NCC(C)OP(=O)(O)OC4C(C[O-])OC(n5c[n+]([Co]C#N)c6cc(C)c(C)cc65)C4O)C4(C)N=C1C(CCC(N)=O)C4(C)CC(N)=O)C(CCC(N)=O)C3(C)C)C(CCC(N)=O)C2(C)CC(N)=O,0.0011769543634727597
O=C(c1ccc(Nc2nccc(-c3cc4ccccc4s3)n2)cc1)N1CCC(N2CCCC2)CC1,0.9039652943611145
Cc1n[nH]c2ccc(-c3cncc(OC[C@@H](N)Cc4c[nH]c5ccccc45)c3)cc12,0.00045139691792428493
COc1ccc(COc2cc3oc(=O)c4cc(C(C)O)ccc4c3cc2OC)cc1,0.0693521648645401
CCCCCCCCc1ccc(CCC(N)(CO)CO)cc1,0.00046301211114041507
C[C@H](NC(=O)[C@@H](O)c1cc(F)cc(F)c1)C(=O)N[C@@H]1C(=O)N(C)c2ccccc2-c2ccccc21,0.036577414721250534
CN(C)c1ccc(C(=O)NCCCCCCC(=O)NO)cc1,0.006385724525898695
CC[C@H]1C=CC=CC[C@@H](C)[C@H](O)[C@@](C)(O)C(=O)[C@@H](C)[C@H](O)[C@@H](C)C(=O)[C@@H](C)[C@H](O)[C@@H](C)C=CC(=O)O[C@H]2[C@H](C)[C@@]3(CC[C@H](C)[C@H](C[C@@H](C)O)O3)O[C@@H](CC1)[C@H]2C,0.006450736429542303
O=S(=O)(F)Cc1ccccc1,0.0015211913269013166
Cc1ccc(-n2[nH]c(C)c(N=Nc3cccc(-c4cccc(C(=O)O)c4)c3O)c2=O)cc1C,0.007390567567199469
CCCCC(F)(F)[C@@]1(O)CC[C@H]2[C@@H](CC(=O)[C@@H]2CCCCCCC(=O)O)O1,0.0027097060810774565
Cc1c(CN2CCN(C(=O)[C@H](C)O)CC2)sc2c(N3CCOCC3)nc(-c3cnc(N)nc3)nc12,0.007301022298634052
NC(=O)c1ccc2[nH]ccc2c1,0.0032197805121541023
CN1CCN(c2ccc([N+](=O)[O-])c3no[n+]([O-])c23)CC1,0.1653781533241272
COc1cc(Nc2c(C#N)cnc3cc(OCCCN4CCN(C)CC4)c(OC)cc23)c(Cl)cc1Cl,0.32545626163482666
O=C(N[C@@H](COc1ccc2[nH]c(=O)[nH]c2c1)c1ccccc1)c1cccn(Cc2ccc(F)c(F)c2)c1=O,0.21260114014148712
COc1ccc(-c2ccc3c(N4CCOC[C@@H]4C)nc(N4CCOC[C@@H]4C)nc3n2)cc1CO,0.005386705510318279
COc1c(Cl)cc2c([nH]c3cnccc32)c1NC(=O)c1cccnc1C,0.040757209062576294
COc1cc(O)c2c(c1)C(=O)c1cc(C)cc(O)c1C2=O,0.014044445939362049
NC(=O)c1ccc(-c2nc(-c3ccccn3)c(-c3ccc4c(c3)OCCO4)[nH]2)cc1,0.23206497728824615
CO[C@H]1C[C@@H]2CC[C@@H](C)[C@@](O)(O2)C(=O)C(=O)N2CCCC[C@H]2C(=O)O[C@H]([C@H](C)C[C@@H]2CC[C@@H](OC(=O)C(C)(CO)CO)[C@H](OC)C2)CC(=O)[C@H](C)C=C(C)[C@@H](O)[C@@H](OC)C(=O)[C@H](C)C[C@H](C)C=CC=CC=C1C,0.0075301844626665115
CN(C)c1ccccc1CN1CCCN(Cc2ccccc2N(C)C)C1c1ccncc1,0.06338993459939957
Fc1cc(-c2cccc3ncc(-c4cnn(C5CCNCC5)c4)nc23)cc(F)c1CN1CCOCC1,0.31076014041900635
C[C@]12CC[C@@H]3c4ccc(O)cc4CC[C@H]3[C@@H]1[C@@H](O)[C@@H](O)[C@@H]2O,0.03550343215465546
CC1(C)CCC(CN2CCN(c3ccc(C(=O)NS(=O)(=O)c4ccc(NCC5CCOCC5)c([N+](=O)[O-])c4)c(Oc4cnc5[nH]ccc5c4)c3)CC2)=C(c2ccc(Cl)cc2)C1,0.5701318383216858
CN(C)CCOc1cc(-c2cn[nH]c2)ccc1NC(=O)C1COc2ccccc2O1,0.07572929561138153
CN1CCN(c2cccc(Nc3nc4c(-c5ccc(S(C)(=O)=O)cc5)cccn4n3)c2)CC1,0.9257746338844299
NC(=O)c1ccc(I)c([N+](=O)[O-])c1,0.0019609902519732714
Cc1c(-c2cccc3c(CCCOc4cccc5ccccc45)c(C(=O)O)n(Cc4cccnc4)c23)c(COc2ccc(N3CCN(S(=O)(=O)N(C)C)CC3)cc2)nn1C,0.31600117683410645
CC12C(=O)OC(=O)C1(C)C1CCC2O1,0.02171054482460022
Clc1ccc(-c2nc3sccn3c2C=NOCc2ccc(Cl)c(Cl)c2)cc1,0.9541153311729431
CCC(=O)NCC[C@@H]1CCc2ccc3c(c21)CCO3,0.024123191833496094
CC(C)(C)c1cc(C=C(C#N)C#N)cc(Br)c1O,0.0005832545575685799
CN[C@@H]1Cc2cccc3[nH]c(=O)n(c23)C1,0.003951834049075842
Cc1cc(-c2ccc(CC(=O)Nc3ccc(-c4cccnc4)cc3)cc2)ccn1,0.10792915523052216
CNC(=O)c1ccc(-c2cnc3ncc(Cc4ccc5ncccc5c4)n3n2)cc1F,0.02528063766658306
NC(=O)Nc1cc(-c2ccc(CN3CCOCC3)cc2)sc1C(N)=O,0.01367899402976036
Cc1ccc(O)c(C(CCN(C(C)C)C(C)C)c2ccccc2)c1,0.9558725953102112
CCc1cc2c(cc1N1CCC(N3CCOCC3)CC1)C(C)(C)c1[nH]c3cc(C#N)ccc3c1C2=O,0.5642005801200867
C[C@H]1C[C@H](C)C(=O)[C@H]([C@H](O)CC2CC(=O)NC(=O)C2)C1,0.012728963047266006
C[C@@]1(c2cc(-c3cncnc3)c(F)cc2F)CCSC(N)=N1,0.0014201392186805606
Cc1cc(Nc2ncc3c(n2)N(C)C(=O)N(c2cc(NC(=O)c4cccc(C(F)(F)F)c4)ccc2C)C3)n(C)n1,0.10172934085130692
O=C(NCCCCN1CCOCC1)c1cc2ccccc2o1,0.06819462031126022
C=C1C(=O)[C@@]23C(CC[C@@H]1[C@H]2O)[C@@]12CO[C@]3(O)[C@@H](O)[C@@H]1C(C)(C)CC[C@@H]2O,0.019276568666100502
Cn1c(CNc2ccc(C(=N)N)cc2)nc2cc(C(=O)N(CCC(=O)O)c3ccccn3)ccc21,0.06359589844942093
COc1cc2ncn(-c3cc(OCc4ccccc4S(C)(=O)=O)c(C#N)s3)c2cc1OC,0.5728667378425598
FC(F)c1nc2ccccc2n1-c1nc(N2CCOCC2)nc(N2CCOCC2)n1,0.2659783363342285
CN(C)C(=O)[C@H](O)[C@H](Cc1ccccc1)NC(=O)c1cc2cc(Cl)ccc2[nH]1,0.008928494527935982
CC(C)N(CC[C@H](c1ccccc1)c1cc(CO)ccc1O)C(C)C,0.4563535153865814
CN(C)Cc1c(C(=O)NCCOc2ccc(C(=O)NO)cc2)oc2ccccc12,0.02288089320063591
CN1CCc2c(n(Cc3ccc(C(=O)NO)cc3)c3ccccc23)C1,0.13440251350402832
O=C(Nc1ncc(-c2cc(C(F)F)nn2-c2c(Cl)cccc2Cl)s1)C1CC1,0.4343690574169159
Nc1nc(NCCNc2ncc(-n3ccnc3)c(-c3ccc(Cl)cc3Cl)n2)ccc1[N+](=O)[O-],0.9714847803115845
Cc1cccc2c1CC[C@H](CN1CCC(c3c(Cl)cccc3Cl)CC1)C[C@@H]2O,0.9752476215362549
CC(C)N(CCCNC(=O)Nc1ccc(C(C)(C)C)cc1)C[C@H]1O[C@@H](n2cc(Br)c3c(N)ncnc32)[C@H](O)[C@@H]1O,0.156394362449646
Cc1ccc(C(=O)Nc2cccc(C(F)(F)F)c2)cc1-c1ccc2nc(NCCN3CCOCC3)ncc2c1,0.6660735607147217
O=C(NC1CCOCC1)c1ccc(-c2cc(-c3c[nH]nc3-c3ccccn3)ccn2)cc1,0.36157628893852234
O=C(O)CNC(=O)c1c(O)c2ccccc2n(Cc2ccccc2)c1=O,0.009997312910854816
CC(C)n1nc(-c2ccc3oc(N)nc3c2)c2c(N)ncnc21,0.0010743886232376099
CCN1CCN(C(=O)Cc2ccc(Nc3ncc(F)c(Nc4ccc(C(=O)Nc5ccccc5Cl)cc4)n3)cc2)CC1,0.764396071434021
CC(C)Oc1cc(Nc2nc(N[C@@H](C)c3ccc(F)cn3)ncc2Cl)[nH]n1,0.2764331102371216
Nc1cccc(-c2cc3c(Oc4cccc(O)c4)ncnc3[nH]2)c1,0.015548274852335453
CCNC(=O)Nc1ccc(Oc2ncnc(N)c2C=NOC)cc1Cl,0.005051974672824144
COc1ccc(Cl)cc1C(=O)NCCc1ccc(S(=O)(=O)NC(=O)NC2CCCCC2)cc1,0.007662422023713589
N#CC(c1ccnc(NCCc2cccnc2)n1)c1nc2ccccc2s1,0.002765227807685733
O=[N+]([O-])c1ccc(Nc2ccccc2-c2ccccc2)c2nonc12,0.38684871792793274
Cc1cc(Nc2cc(NC(=O)c3c(Cl)cccc3Cl)ccn2)nc(N)n1,0.36478564143180847
Cc1cc(C(=O)NOCCO)c(Nc2ccc(I)cc2F)n(C)c1=O,0.0071035111322999
c1ccc(CNc2nc(N3CCOc4ccccc43)nc3c2CCCC3)cc1,0.9945849776268005
O=C1NC(=O)[C@@H](c2cn3c4c(cccc24)CCC3)[C@@H]1c1c[nH]c2ccccc12,0.014169927686452866
Cc1cc(N2CCOCC2)cc2[nH]c(-c3c(NC[C@@H](O)c4cccc(Cl)c4)cc[nH]c3=O)nc12,0.5146303772926331
NC1(C(=O)N[C@@H](CCO)c2ccc(Cl)cc2)CCN(c2ncnc3[nH]ccc23)CC1,0.045132044702768326
O=C(CO)N1CCC(c2[nH]nc(-c3ccc(Cl)cc3)c2-c2ccncn2)CC1,0.06211888790130615
CNC(=O)c1cc(Oc2ccc(NC(=O)Nc3ccc(Cl)c(C(F)(F)F)c3)c(F)c2)ccn1,0.4259151220321655
CCNC(=O)C[C@@H]1N=C(c2ccc(Cl)cc2)c2cc(OC)ccc2-n2c(C)nnc21,0.020708171650767326
CCNC(=O)C[C@H]1N=C(c2ccc(Cl)cc2)c2cc(OC)ccc2-n2c(C)nnc21,0.005381966009736061
CNC(=O)c1cccc(-c2ccc3c(N4CCOC[C@@H]4C)nc(N4CCOC[C@@H]4C)nc3n2)c1,0.018758533522486687
Nc1ncnc2c1c(-c1cccc(OCc3ccccc3)c1)cn2[C@H]1C[C@@H](CN2CCC2)C1,0.9994575381278992
CCN(CC)Cc1cc(Nc2ccnc3cc(Cl)ccc23)ccc1O,0.7035573720932007
CNC(=O)c1cc(COc2nnc(Nc3ccc(Cl)cc3)c3ccoc23)ccn1,0.5830375552177429
Cc1cnc(Nc2cccc(CN3CCOCC3)c2)nc1Nc1cccc(S(=O)(=O)NC(C)(C)C)c1,0.37805643677711487
COc1c(C)cnc(Cn2cnc3c(Cl)nc(N)nc32)c1C,0.07617311924695969
NC1(Cc2ccc(Cl)cc2)CCN(c2ncnc3[nH]ccc23)CC1,0.607514500617981
C[C@@H](Oc1cc(-c2cnn(C3CCNCC3)c2)cnc1N)c1c(Cl)ccc(F)c1Cl,0.7326045632362366
COc1nccc(-c2c(-c3ccc(F)cc3)ncn2C2CCC(O)CC2)n1,0.5696758031845093
COc1ccc(-c2nc(N3CCOCC3)c3sc(CN(C)c4ncc(C(=O)NO)cn4)cc3n2)cn1,0.018541349098086357
CCN1CCC(n2cc(CNc3cc(Cl)c4ncc(C#N)c(Nc5ccc(F)c(Cl)c5)c4c3)nn2)CC1,0.9613073468208313
C=CC(=O)Nc1cccc(Oc2nc(Nc3ccc(N4CCN(C)CC4)cc3OC)ncc2Cl)c1,0.49774429202079773
c1cc2c(cc1[C@H]1OC[C@@H]3[C@@H](c4ccc5c(c4)OCO5)OC[C@H]13)OCO2,0.4061602056026459
OCCCNc1cc(-c2ccnc(Nc3cccc(Cl)c3)n2)ccn1,0.9149680137634277
CC1=C2C[C@H]3[C@@H](CC=C4C[C@@H](O)CC[C@@]43C)[C@@H]2CC[C@]12O[C@@H]1C[C@H](C)CN[C@H]1[C@H]2C,0.01374919805675745
O=c1[nH]c(-c2ccc(C(F)(F)F)cc2)nc2c1CSCC2,0.30746421217918396
CC(=O)OC1C(C)OC(Oc2c(-c3ccc(O)cc3)oc3cc(O)cc(O)c3c2=O)C(O)C1OC(C)=O,0.0018174552824348211
Cc1cc(Nc2cc(N3CCN(C)CC3)nc(Sc3ccc(NC(=O)C4CC4)cc3)n2)n[nH]1,0.7580073475837708
CC(C)(C)c1cc(C(=O)O)c(NC(=O)Nc2ccc3[nH]ncc3c2)s1,0.013407664373517036
CC(C)c1cnn2c(NCc3ccccc3)cc(N[C@@H](CO)[C@H](O)CO)nc12,0.0031378339044749737
CN1[C@H]2CC(OC(=O)[C@@H](CO)c3ccccc3)C[C@@H]1[C@@H]1O[C@@H]12,0.007121590431779623
CCS(=O)(=O)c1cccc(-c2cc(C(=O)NC3CCN(C)CC3)c(C)c3[nH]c4ncc(C)cc4c23)c1,0.5180312395095825
Cc1ccc(C2=Nc3ccc(Cl)cc3OC2)cc1,0.11571803689002991
Oc1ccc(C2=Cc3ccc(O)cc3OC2)cc1,0.04125725477933884
CC(C)[C@@]12C[C@@H](OC(=O)CO)[C@@](C)(O1)[C@@H]1CC[C@@H](C)[C@H]1[C@@H]2OC(=O)C=Cc1ccccc1,0.18494316935539246
Cc1c(Cn2c(C)nc3c(C(=O)O)cc(N4CCOCC4)cc32)cccc1C(F)(F)F,0.17233876883983612
Cc1ccccc1C(=O)Nc1ccc(C(=O)N2CCCC(O)c3cc(Cl)ccc32)c(C)c1,0.033246252685785294
CN(C)C1CCN(C(=O)c2ccc(NC(=O)Nc3nc(N4CCOCC4)nc(N4CCOCC4)n3)cc2)CC1,0.02343784272670746
Cc1cnc(-c2cc(N3CCN(C(=O)CCS(C)(=O)=O)CC3)ncc2Cl)c(C)c1,0.4142996370792389
Clc1cccc(-n2nnnc2NCc2ccccc2Oc2ccccn2)c1Cl,0.14857086539268494
O=C1[C@H](Cc2ccc(O)cc2)N2C(=O)CCN(C(=O)NCc3ccccc3)[C@H]2CN1Cc1cccc2ccccc12,0.04418955743312836
NC(=O)Nc1cc(-c2cccc(F)c2)sc1C(=O)N[C@H]1CCCNC1,0.051489491015672684
COc1cc(C(=O)NC2CCN(C)CC2)ccc1Nc1ncc2c(n1)N(C1CCCC1)CCC(=O)N2C(C)C,0.052454784512519836
COc1cc(Nc2ncc(F)c(Nc3ccc4c(n3)N(COP(=O)(O)O)C(=O)C(C)(C)O4)n2)cc(OC)c1OC,0.0023535899817943573
COc1ccc2c(Oc3ccc(NC(=O)c4c(C)n(CC(C)(C)O)n(-c5ccccc5)c4=O)cc3F)ccnc2c1,0.19209086894989014
CNC1CCC(N(Cc2cccc(-c3ccncc3)c2)C(=O)c2sc3c(F)ccc(F)c3c2Cl)CC1,0.9732332825660706
CC1CCN(c2cc(N3CCN(C)CC3)ccc2NC(=O)c2cc(C#N)c[nH]2)CC1,0.5270571112632751
C[C@H]1CN(CC(=O)Nc2ccc3c(c2)Cc2cccc(-c4cc(=O)cc(N5CCOCC5)o4)c2S3)C[C@@H](C)O1,0.6423169374465942
CN(C)c1ccc(Nc2nc(N)n(C(=O)c3c(F)cccc3F)n2)cc1,0.7162629961967468
CCOC(=O)C(C)Oc1cccc2c(=O)n(CC(=O)Nc3ccc4c(c3)OCCO4)ccc12,0.006530237849801779
COc1cc(O)c2c(c1)C1OC1C[C@H](O)[C@H](O)C(=O)C=CC[C@H](C)OC2=O,0.0018301245290786028
O=C(Nc1cccc(Br)c1)c1cccc(S(=O)(=O)N2CCCCCC2)c1,0.9573431015014648
CCC[C@@H](C=O)NC(=O)[C@H](CC(C)C)NC(=O)[C@H](CC(C)C)NC(=O)OCc1ccccc1,0.08675321936607361
O=C(Nc1nnc(-c2ccco2)o1)c1cc(-c2ccccc2)nc2ccccc12,0.11642328649759293
O=C(C=CC#Cc1cccc(NS(=O)(=O)c2ccccc2)c1)NO,0.0022478161845356226
CCS(=O)(=O)Nc1ccc2[nH]c(O)c(C(=Nc3ccc(CN4CCCCC4)cc3)c3ccccc3)c2c1,0.9589772820472717
CC(=O)Oc1cc2c(s1)CCN(C(C(=O)C1CC1)c1ccccc1F)C2,0.0051140980795025826
CC[C@@H]([C@H](C)O)n1ncn(-c2ccc(N3CCN(c4ccc(OCC5CO[C@@](Cn6cncn6)(c6ccc(F)cc6F)C5)cc4)CC3)cc2)c1=O,0.0549619160592556
OC(CN1CCN(c2cccc(Cl)c2)CC1)C(c1ccccc1)c1ccccc1,0.9988942742347717
Cc1cnc(Nc2ccc(N3CCN(C)CC3)cc2)nc1Nc1cccc(S(=O)(=O)NC(C)(C)C)c1,0.641433596611023
COc1ccc(Nc2cc(-c3cnc(N)nc3)nc(N3CCOCC3)n2)cn1,0.03909626230597496
C=CC(=O)N1CCC[C@@H](n2nc(-c3ccc(Oc4ccccc4)cc3)c3c(N)ncnc32)C1,0.7722101211547852
CS(=O)(=O)N(Cc1ccco1)CC(O)Cn1c2ccccc2c2ccccc21,0.5685067176818848
NC(=O)c1cccc2cn(-c3ccc([C@@H]4CCCNC4)cc3)nc12,0.06650985032320023
CC(C)[C@H](CS(=O)(=O)c1ccc(-c2ccc(Br)cc2)cc1)C(=O)O,0.0004440432821866125
O=C(O)C(=O)Nc1cccc(-c2nn[nH]n2)c1,0.002521177288144827
CCN(CC)CCNC(=O)c1ccc2nc(-c3ccccc3)c(-c3ccc(CN4CCC(n5c(=O)[nH]c6ccccc65)CC4)cc3)nc2c1,0.7360823154449463
c1cc(N[C@@H]2CCNC2)nc(-c2cnc3ccc(-c4cn[nH]c4)cn23)c1,0.14981180429458618
CCNc1cc(NC2CCC(O)CC2)nc(Nc2ccc3c(ccn3Cc3ccccc3)c2)n1,0.9894343018531799
COc1ccc2cccc(CCNC(C)=O)c2c1,0.00033854052890092134
Cc1nccn1CC1CCC2C(C1=O)c1ccccc1N2C,0.0874994546175003
CCn1c(=O)n([C@@H]2CCN(CC3CCCCCCC3)C[C@H]2CO)c2ccccc21,0.1432936191558838
CS(=O)(=O)N1CCc2c(-c3cnc(N)nc3)nc(N3CCOCC3)nc21,0.006041265558451414
CNc1nc(Nc2ccc(C(=O)N3CCOCC3)cc2OC)ncc1Cl,0.03606000915169716
c1ccc2c(-c3cnn4cc(-c5ccc(N6CCNCC6)cc5)cnc34)ccnc2c1,0.3273600935935974
CC(C)CC(=O)Nc1n[nH]c2c1CN(C(=O)C1CCN(C)CC1)C2(C)C,0.006880609318614006
Cc1cc2c(cc1C1(c3ccc(C(=O)O)cn3)CC1)C(C)(C)CCC2(C)C,0.03704855591058731
Nc1ccccc1NC(=O)c1ccc(CNc2nccc(-c3cccnc3)n2)cc1,0.425024151802063
OCCn1cc(-c2ccc3c(c2)CCC3=NO)c(-c2ccncc2)n1,0.02340262196958065
O=C(NC[C@H](O)CO)c1ccncc1Nc1ccc(I)cc1F,0.010109489783644676
CCN(C(=O)c1c(O)c2c(Cl)cccc2n(C)c1=O)c1ccccc1,0.0884273573756218
N#CC[C@H](C1CCCC1)n1cc(-c2ncnc3[nH]ccc23)cn1,0.002738086273893714
CN1CCN(c2nc(C3=C(c4c[nH]c5ccccc45)C(=O)NC3=O)c3ccccc3n2)CC1,0.9574452638626099
COc1ccc(CCC(=O)Nc2nc3ccc(Cl)cc3s2)cc1OC,0.0661650002002716
CCCCCCCCCCCCCC(=O)N[C@H](CO)[C@H](O)c1ccc([N+](=O)[O-])cc1,0.13443847000598907
O=C(O)Cc1cccc(OCCCN(Cc2cccc(C(F)(F)F)c2Cl)CC(c2ccccc2)c2ccccc2)c1,0.9394234418869019
C[C@H](NCc1ccc2c(c1)nc(NC(=O)c1ccc(-c3cn[nH]c3)s1)n2CCc1ccccc1)C(C)(C)C,0.19688235223293304
O=C(Nc1ccccc1)Nc1ccc(-c2ccc(C(=O)[C@@H]3CCC[C@H]3C(=O)O)cc2)cc1,0.028078880161046982
Cc1cc2nc3c(=O)[nH]c(=O)nc-3n(C[C@@H](O)[C@@H](O)[C@@H](O)CO)c2cc1C,0.002502722665667534
COc1ccc(-c2cc(=O)c3c(O)cc(O)cc3o2)cc1O,0.07415135204792023
COC(=O)Nc1ccc(-c2nc(N3CCOCC3)c3cnn(C4CCN(C(=O)OC)CC4)c3n2)cc1,0.12284388393163681
CCOc1cc(C=C2C(=O)N(c3ccccc3)N=C2C)cc(Cl)c1OCC(=O)OC,0.2070435881614685
CS(=O)(=O)c1ccc(-c2cnc(N)c(C(=O)Nc3ccccc3)n2)cc1,0.8836215138435364
CNC(=O)Nc1ccc(-c2nc(N3CC4CCC(C3)O4)c3cnn(C4CCC5(CC4)OCCO5)c3n2)cc1,0.1488439440727234
C[C@]12CC[C@H]3[C@@H](CCC4=CC(=O)CC[C@@]43C)[C@@H]1CC[C@@H]2O,0.01587539352476597
COc1cc2c(cc1OC)[C@@H]1C(=O)c3ccc4c(c3O[C@@H]1CO2)C=CC(C)(C)O4,0.0015631350688636303
CC(C)C[C@H](NC(=O)[C@H](CCc1ccccc1)NC(=O)CN1CCOCC1)C(=O)N[C@@H](Cc1ccccc1)C(=O)N[C@@H](CC(C)C)C(=O)[C@@]1(C)CO1,0.03740854188799858
O=C(CC12CC3CC(CC(C3)C1)C2)Nc1cccc2nc(NCCNCCO)ccc12,0.21350738406181335
Cc1cccc(-c2nc(C(C)(C)C)[nH]c2-c2ccc3c(c2)OCO3)n1,0.3823244273662567
Cc1ccc(Nc2nccc(N(C)c3ccc4c(C)n(C)nc4c3)n2)cc1S(N)(=O)=O,0.18901701271533966
COc1cc2c(NC3CCN(C(C)C)CC3)nc(C3CCCCC3)nc2cc1OCCCN1CCCC1,0.5231896042823792
CC(C)NCC(O)COc1ccc(COCCOC(C)C)cc1,0.058508310467004776
CCCCCCCCCCCCc1ccc(S(=O)(=O)Nc2nncs2)cc1,0.03969215974211693
COc1cc2c(cc1O)CCC1C2CC[C@@]2(C)C1CC[C@@H]2O,0.13444006443023682
CC(C)(O)C=CC(=O)[C@@](C)(O)[C@H]1[C@H](O)C[C@]2(C)[C@@H]3CC=C4[C@@H](C=C(O)C(=O)C4(C)C)[C@]3(C)C(=O)C[C@@]12C,0.0029884653631597757
C[C@H](NC(=O)Cc1cc(F)cc(F)c1)C(=O)N[C@@H]1C(=O)N(C)c2ccccc2-c2ccccc21,0.03499718755483627
CS(=O)(=O)c1cc(F)cc2c3c(n(Cc4ccc(Cl)cc4)c12)[C@@H](CC(=O)O)CC3,0.3325429856777191
CC[C@H]1CN2CCc3cc(OC)c(OC)cc3[C@@H]2C[C@@H]1C[C@H]1NCCc2cc(OC)c(OC)cc21,0.5304924845695496
CC(C)C[C@H](NC(=O)[C@@H](NC(=O)c1cccc(-c2ccccc2)n1)[C@@H](C)O)B(O)O,0.007120255380868912
CC1(COc2ccc3c(c2)ncn3-c2ccc3cccc(N4CCC(N)CC4)c3n2)COC1,0.1414412409067154
CC(C)c1cc(-c2n[nH]c(=O)n2-c2ccc3c(ccn3C)c2)c(O)cc1O,0.0020222081802785397
Cc1ccc([N+](=O)[O-])cc1S(=O)(=O)N(C)N=Cc1cnc2ccc(Br)cn12,0.06388438493013382
Cn1c(=O)c(Oc2ccc(F)cc2F)cc2cnc(NC3CCOCC3)nc21,0.21911758184432983
Cc1ncc(-c2ccnc(Nc3ccc(S(C)(=O)=O)cc3)n2)n1C(C)C,0.04896708205342293
CN(C1CCc2c(c3ccccc3n2CC(=O)O)C1)S(=O)(=O)c1ccc(F)cc1,0.03247363120317459
Cc1c[nH]c(C=C2C(=O)Nc3ccccc32)c1CCC(=O)O,0.007896876893937588
Cc1cc(C(=O)N2CCN(c3cccc(Cl)c3)CC2)n(-c2ccccc2)n1,0.8935327529907227
COc1cc2nc(-c3cc(F)ccc3O)nc(N[C@@H]3CNC[C@H]3C(C)(C)O)c2cc1OC,0.12695617973804474
Cn1cc(C=C2C(=O)Nc3cccnc32)c2ccccc21,0.29107755422592163
Cc1cc(Nc2cc(CN3CCOCC3)c3nc(C)c(Cc4ccc(Cl)cc4F)n3n2)n[nH]1,0.8095833659172058
Cc1cc(OCCCc2c(C(=O)O)n(Cc3cccnc3)c3c(-c4c(COc5ccc(N6CCN(S(C)(=O)=O)CC6)cc5)nn(C)c4C)cccc23)cc(C)c1Cl,0.21390892565250397
CCN1CCN(c2ccc(Nc3cc(N(C)C(=O)Nc4c(Cl)c(OC)cc(OC)c4Cl)ncn3)cc2)CC1,0.8142277002334595
Nc1nccc(-c2ccc3noc(-c4ccc(Cl)cc4)c3c2)n1,0.3789231777191162
Nc1ccc(C(=O)Nc2cccc(-c3nc(N4CCOCC4)c4oc5ncccc5c4n3)c2)cn1,0.2688552439212799
COc1cc2c(N3CCN(C(=O)Nc4ccc(OC(C)C)cc4)CC3)ncnc2cc1OCCCN1CCCCC1,0.2590709924697876
CCN(CCO)CCCC(C)Nc1ccnc2cc(Cl)ccc12,0.6543121933937073
Cn1cc(CNCC2CCN(c3ncc(C(=O)NO)cn3)CC2)c2ccccc21,0.05398090183734894
CNc1nccc(-c2cccnc2Oc2cc(C(=O)Nc3cccc(C(F)(F)F)c3)ccc2C)n1,0.24881498515605927
CC(=O)Nc1ccc(OC[C@](C)(O)C(=O)Nc2ccc([N+](=O)[O-])c(C(F)(F)F)c2)cc1,0.03572167456150055
COc1cc2nccc(Oc3ccc(NC(=O)Nc4ccc(F)cc4F)c(F)c3)c2cc1OC,0.0630551129579544
C#CCN(C)CC1=Cc2ccccc2Oc2ccccc21,0.31685730814933777
Cn1cc(-c2ccc3nnc(Sc4ccc5ncccc5c4)n3n2)cn1,0.016687801107764244
Cn1cc(-c2ccc3ncc(Cc4ccc5ncccc5c4)n3n2)cn1,0.051907677203416824
CCN(CC)CCOc1ccc(C(=C(Cl)c2ccccc2)c2ccccc2)cc1,0.9889531135559082
COc1cc(C(=O)N2CCC(N3CCN(C)CC3)CC2)ccc1Nc1ncc2c(n1)N(C)c1ccccc1C(=O)N2C,0.023562520742416382
O=c1cc(-c2cccc3c2Sc2ccccc2S3)oc(N2CCOCC2)c1,0.9638620615005493
CN(C)CC(=O)N1CCC(c2ccc(NC(=O)c3nc(C#N)c[nH]3)c(C3=CCCCC3)c2)CC1,0.3223770558834076
CCc1cc(-c2n[nH]c(C)c2-c2ccc3c(c2)OCCO3)c(O)cc1O,0.006596460938453674
O=C(NCCCNc1nc(Nc2cccc(NC(=O)N3CCCC3)c2)ncc1I)c1cccs1,0.18632927536964417
Cn1cc(C2=C(c3c4n(c5ccccc35)CCC(CN)C4)C(=O)NC2=O)c2ccccc21,0.9404943585395813
CCCCOc1c(C(=O)c2c(F)cc(C)cc2F)cnc2[nH]ncc12,0.01660752482712269
C=CC(=O)Nc1cc2c(Nc3ccc(F)c(Cl)c3)ncnc2cc1OCCCN1CCOCC1,0.3453225791454315
Cc1nn(Cc2ccccc2Cl)c(C)c1CN(C)CC(O)COc1ccc(Cl)cc1,0.9297389984130859
CCc1cnn2c(NCc3ccc[n+]([O-])c3)cc(N3CCCC[C@H]3CCO)nc12,0.005781564395874739
Cn1cc(-c2[nH]c3cc(NC(=O)[C@H](N)C4CCCCC4)cc4c(=O)[nH]ncc2c34)cn1,0.002191209467127919
Nc1ccc(-c2ccc3ncc4ccc(=O)n(-c5cccc(C(F)(F)F)c5)c4c3c2)cn1,0.0339018739759922
COCCOc1ccc2c(c1)ncn2-c1ccc2cccc(N3CCC(N)CC3)c2n1,0.35085350275039673
Cc1c(-c2ccc(O)cc2)n(Cc2ccc(OCCN3CCCCCC3)cc2)c2ccc(O)cc12,0.8224141001701355
O=C(c1cncc(Br)c1)N1CCC(N2CCCC2)CC1,0.015572386793792248
CCOc1cc2ncc(C#N)c(Nc3ccc(OCc4ccccn4)c(Cl)c3)c2cc1NC(=O)C=CCN(C)C,0.25705966353416443
COc1cc(Nc2nc3ccccc3nc2NS(=O)(=O)c2ccc(NC(=O)c3ccc(C)c(OC)c3)cc2)cc(OC)c1,0.27278992533683777
CS(=O)(=O)c1ccc(C(=O)Nc2ccc(Cl)c(-c3ccccn3)c2)c(Cl)c1,0.24175576865673065
CNC(=O)c1cc(Oc2ccc(NC(=O)Nc3cc(C(C)(C)C)nn3-c3ccc4ncccc4c3)c(F)c2)ccn1,0.2083207219839096
C[C@H]1COC2=C1C(=O)C(=O)c1c2ccc2c1CCCC2(C)C,0.11228161305189133
CC[C@@H]1C(=O)N(C)c2cnc(Nc3ccc(C(=O)NC4CCN(C)CC4)cc3OC)nc2N1C1CCCC1,0.021566659212112427
Nc1nc(Nc2ccc(S(N)(=O)=O)cc2)nn1C(=O)c1c(F)cccc1F,0.19829614460468292
O=C1NC(=O)C(=Cc2ccc3nccc(-c4ccncc4)c3c2)S1,0.01780128665268421
NS(=O)(=O)OC[C@@H]1C[C@@H](n2ccc3c(N[C@H]4CCc5ccccc54)ncnc32)C[C@@H]1O,0.10732246190309525
C[C@]1(c2nc3c(C(N)=O)cccc3[nH]2)CCCN1,0.07197326421737671
Cc1cccc(C=NNc2cc(N3CCOCC3)nc(OCCc3ccccn3)n2)c1,0.9709208011627197
CC(C)(N)c1ccc(-c2nc3ccccc3nc2-c2ccccc2)cc1,0.11257883906364441
Cc1cc(C(C)Nc2ccccc2)c2nc(N3CCOCC3)cc(=O)n2c1,0.19545286893844604
CCOC(=O)[C@H]1O[C@@H]1C(=O)N[C@@H](CC(C)C)C(=O)NCCC(C)C,0.005632596090435982
C[C@]12CCC3[C@@H](CC[C@H]4NC(=O)C=C[C@]34C)[C@@H]1CC[C@@H]2C(=O)Nc1cc(C(F)(F)F)ccc1C(F)(F)F,0.10895053297281265
FC(F)(F)c1ccc(Nc2nc3cc(Oc4ccnc(-c5nc(C(F)(F)F)c[nH]5)c4)ccc3[nH]2)cc1,0.7334966063499451
O=C(NOCC1CC1)c1ccc(F)c(F)c1Nc1ccc(I)cc1Cl,0.7542852163314819
COc1cccc2c1CCCC2CCCN1CCN(C2CCCCC2)CC1,0.15468895435333252
OC[C@H]1O[C@@H](OCCc2ccc(O)cc2)[C@H](O)[C@@H](O)[C@@H]1O,0.001997971208766103
COc1cccc2cc(-c3nc(C4CCC(C(=O)O)CC4)n4ncnc(N)c34)[nH]c12,0.01063280925154686
CCNC(=O)Nc1ccc(-c2nc3c(c(N4CCOC[C@@H]4C)n2)CCN(C2COC2)C3)cc1,0.010638449341058731
COc1ccc(CCN2CCN(CCCc3ccccc3)CC2)cc1OC,0.992154061794281
O=C(C=Cc1cccc(S(=O)(=O)Nc2ccccc2)c1)NO,0.002101350110024214
Cc1cn(-c2cc(NC(=O)c3ccc(C)c(Nc4nccc(-c5cccnc5)n4)c3)cc(C(F)(F)F)c2)cn1,0.5518721342086792
Cc1nc(N)sc1-c1ccnc(Nc2ccc(N3CCOCC3)cc2)n1,0.25866660475730896
C[C@](O)(COc1ccc(C#N)cc1)C(=O)Nc1ccc(C#N)c(C(F)(F)F)c1,0.2160734236240387
Oc1cc(-c2nc(-c3ccccc3)[nH]c2-c2ccncc2)ccc1Cl,0.253029465675354
CC(C)C(=O)Oc1ccc(CO)cc1[C@H](CCN(C(C)C)C(C)C)c1ccccc1,0.7188603281974792
CC(=O)N1CCN(c2ccc(OCc3nn(C)c(C)c3-c3cccc4c(CCCOc5cccc6ccccc56)c(C(=O)O)n(Cc5cccnc5)c34)cc2)CC1,0.15610887110233307
CCP(CC)(CC)=[Au]S[C@@H]1O[C@H](COC(C)=O)[C@@H](OC(C)=O)[C@H](OC(C)=O)[C@H]1OC(C)=O,0.0014647850766777992
Cc1ccc(C(=O)Nc2ccc(CN3CCN(C)CC3)c(C(F)(F)F)c2)cc1C#Cc1cnc2cccnn12,0.729729950428009
C1=C2CCCN[C@H]2[C@@H]2C[C@H]1[C@H]1CCCCN1C2,0.008919700980186462
CO[C@H]1C[C@@H]2CC[C@@H](C)[C@@](O)(O2)C(=O)C(=O)N2CCCC[C@H]2C(=O)O[C@H]([C@H](C)C[C@@H]2CC[C@@H](OP(C)(C)=O)[C@H](OC)C2)CC(=O)[C@H](C)C=C(C)[C@@H](O)[C@@H](OC)C(=O)[C@H](C)C[C@H](C)C=CC=CC=C1C,0.0038633490912616253
CCn1nnc2c(N3CCOCC3)nc(-c3ccc(NC(=O)Nc4ccc(C(=O)N5CCN(C)CC5)cc4)cc3)nc21,0.027654733508825302
O=C(Nc1nc2ccc(NC(=O)C3C4CC5CC(C4)CC3C5)cc2s1)c1ccccc1,0.8195474147796631
Cc1c(C(=O)Nc2ccc(N3C[C@H](C)O[C@H](C)C3)nc2)cccc1-c1ccc(OC(F)(F)F)cc1,0.8217270374298096
O=C1C[C@@H](c2ccc(O)cc2)Oc2cc(O)cc(O)c21,0.11100568622350693
COc1cc2ncnc(Nc3ccc(F)c(Cl)c3)c2cc1NC(=O)C=CCN1CCCCC1,0.37960854172706604
CC(C)(C)c1nc2c3cc[nH]c(=O)c3c3cc(F)ccc3c2[nH]1,0.033084139227867126
CN(CC(=O)N(Cc1ccc(C2CCCCC2)cc1)c1ccc(C(=O)O)c(O)c1)S(=O)(=O)c1c(F)c(F)c(F)c(F)c1F,0.08108774572610855
N#CC(=C(N)Sc1ccc(N)cc1)c1ccccc1C(F)(F)F,0.017748773097991943
O=C1NC(=O)C(=Cc2ccc3nccnc3c2)S1,0.002670396352186799
COc1cc2[nH]c(C)c(CCN3CCN(c4ccccc4)CC3)c2cc1OC,0.9163426160812378
Oc1ccc(-c2ccc(-c3cc(Nc4cccc(CNC5CC5)c4)[nH]n3)cc2)c(O)c1,0.8716715574264526
COc1ccc2c(Oc3ccc(NC(=O)c4c(C)n(CC(C)(C)O)n(-c5ccccc5)c4=O)nc3)ccnc2c1,0.20801354944705963
COc1cc(C)c(Sc2cnc(NC(=O)c3ccc(CNC(C)C(C)(C)C)cc3)s2)cc1C(=O)N1CCN(C(C)=O)CC1,0.017649637535214424
CCN(CC)CCNC(=O)c1c(C)[nH]c(C=C2C(=O)Nc3ccc(F)cc32)c1C,0.5420816540718079
Cc1ccc(NC(=O)Nc2cc(C(F)(F)F)ccc2F)cc1Nc1ccc2c(c1)NC(=O)C2=Cc1ccc[nH]1,0.6730424761772156
O=C1NC(=O)C(=Cc2ccc(-c3ccc(F)cc3O)o2)S1,0.08379513770341873
CC(C)NC[C@@H](C(=O)N1CCN(c2ncnc3c2[C@H](C)C[C@H]3O)CC1)c1ccc(Cl)cc1,0.03496737405657768
CC1(O)CC(c2nc(-c3ccc4ccc(-c5ccccc5)nc4c3)c3c(N)nccn23)C1,0.6367947459220886
Cc1cc(SCc2sc(-c3ccc(C(F)(F)F)c(F)c3)nc2C)ccc1OCC(=O)O,0.010443429462611675
CCCCCN(CCC12CC3CC(CC(C3)C1)C2)C(=O)NCCCc1ccncc1,0.1776534467935562
c1ccc2c(CCNc3ccc(Nc4ccncc4)cc3)c[nH]c2c1,0.9016803503036499
CCn1c(-c2nonc2N)nc2cnc(Oc3cccc(NC(=O)c4ccc(OCCN5CCOCC5)cc4)c3)cc21,0.6765616536140442
CC(C)c1cc(C(=O)N2Cc3ccc(CN4CCN(C)CC4)cc3C2)c(O)cc1O,0.009205863811075687
COC(=O)N[C@H](C(=O)N[C@@H](Cc1ccccc1)[C@@H](O)CN(Cc1ccc(-c2ccccn2)cc1)NC(=O)[C@@H](NC(=O)OC)C(C)(C)C)C(C)(C)C,0.021290238946676254
NCc1c[nH]c(=S)n1[C@H]1CCc2c(F)cc(F)cc2C1,0.20985783636569977
C[C@H](c1ccc(F)cc1CCCC(=O)O)N(c1cc(F)ccc1F)S(=O)(=O)c1ccc(Cl)cc1,0.009078926406800747
Cc1cnc(Nc2ccc(OCCN3CCCC3)cc2)nc1Nc1cccc(S(=O)(=O)NC(C)(C)C)c1,0.8463016748428345
CCN(CC)CCCCNc1ncc2cc(-c3cc(OC)cc(OC)c3)c(NC(=O)NC(C)(C)C)nc2n1,0.46244144439697266
CCC(=O)NC[C@H](Cc1ccc(OCCc2nc(-c3ccccc3)oc2C)cc1)NC(C)=CC(=O)c1ccc(C(F)(F)F)cc1,0.7810683250427246
O=C(NCc1ccccc1)c1csc(Nc2ccncn2)n1,0.039364106953144073
Cn1c(=O)c(F)c(Nc2ccc(I)cc2F)c2c(=O)n(C[C@@H](O)CO)cnc21,0.0015856381505727768
COc1cc2c(cc1OC)CN(CCc1ccc(NC(=O)c3cccc4c(=O)c5cccc(OC)c5[nH]c34)cc1)CC2,0.8053252696990967
Cc1ccc(F)c(NC(=O)Nc2ccc(-c3cccc4[nH]nc(N)c34)cc2)c1,0.11159905046224594
CCOc1ccccc1N=Nc1c(C)[nH]n(-c2nc(-c3ccccc3)cs2)c1=O,0.10922390222549438
CC[C@H](NC(=O)[C@H](C)NC)C(=O)N1C[C@@H](O)C[C@H]1Cc1c(-c2[nH]c3cc(F)ccc3c2C[C@@H]2C[C@H](O)CN2C(=O)[C@H](CC)NC(=O)[C@H](C)NC)[nH]c2cc(F)ccc12,0.0904601439833641
O=C1C(c2c(O)[nH]c3ccccc23)=Nc2ccccc21,0.07396840304136276
C[C@@H]1CCN(C(=O)CC#N)C[C@@H]1N(C)c1ncnc2[nH]ccc12,0.0009316151263192296
Cn1cc(-c2cnn3c(N)c(Br)c([C@@H]4CCCNC4)nc23)cn1,0.03896556794643402
CC1(C)CC(=O)c2c(C(F)(F)F)nn(-c3ccc(C(N)=O)c(NC4CCC(OC(=O)CN)CC4)c3)c2C1,0.024438664317131042
CNC(=O)c1ccc2cc(C3(O)CCn4cncc43)ccc2c1,0.04232753813266754
COc1ccc2c(OCc3nnc4ccc(-c5ccccc5)nn34)ccnc2c1,0.14022128283977509
CO[C@@H]1[C@H](N(C)C(=O)c2ccccc2)C[C@H]2O[C@]1(C)n1c3ccccc3c3c4c(c5c6ccccc6n2c5c31)C(=O)NC4,0.4898131191730499
c1cc(OCCN2CCCCC2)cc(-c2n[nH]c3ccc(-c4nc[nH]n4)cc23)c1,0.5164192914962769
CCCS(=O)(=O)Nc1ccc(F)c(C(=O)c2c[nH]c3ncc(Cl)cc23)c1F,0.04098546504974365
CN1CCc2c(c3ccccc3n2Cc2ccc(C(=O)NO)cc2)C1,0.09750375896692276
Cc1cnc(NC(=O)Nc2cc(Br)c(C)cc2OC[C@@H]2CNCCO2)cn1,0.008192894980311394
COc1ncc(-c2ccc3nccc(-c4ccnnc4)c3c2)cc1NS(=O)(=O)c1ccc(F)cc1F,0.03013056516647339
Cc1cnn(C)c1C(=O)Nc1cc(Nc2ccc3c(C=Cc4ccccn4)n[nH]c3c2)ccc1F,0.5020139217376709
CCOc1cc2c(c(F)c1OCC)C(=N)N(CC(=O)c1cc(N3CCOCC3)c(OC)c(C(C)(C)C)c1)C2,0.4994979798793793
C=CCNC1=C2C[C@@H](C)C[C@H](OC)[C@H](O)[C@@H](C)C=C(C)[C@H](OC(N)=O)[C@@H](OC)C=CC=C(C)C(=O)NC(=CC1=O)C2=O,0.013726605102419853
C=CCNc1c(O)cc2c(O)c1C[C@@H](C)C[C@H](OC)[C@H](O)[C@@H](C)C=C(C)[C@H](OC(N)=O)[C@@H](OC)C=CC=C(C)C(=O)N2,0.005168667528778315
CN(C)CCN(C)C(=O)c1ccc(NC(=O)Nc2ccc(-c3nc(N4CCOCC4)c4ccn(CC(F)(F)F)c4n3)cc2)cc1,0.2367277592420578
CC(C=CC(=O)NO)=C[C@@H](C)C(=O)c1ccc(N(C)C)cc1,0.00454247510060668
C[C@H]1CN(C(=O)c2cc3c(C(=O)C(=O)N(C)C)cn(C)c3cc2Cl)[C@H](C)CN1Cc1ccc(F)cc1,0.12280146032571793
CCC(=O)N1CCN(c2ccc(-n3c(=O)ccc4cnc5ccc(-c6cnc7ccccc7c6)cc5c43)cc2C(F)(F)F)CC1,0.19594384729862213
Cc1ccc(S(=O)(=O)OCC(=O)Nc2ccc(C(=O)O)c(O)c2)cc1,0.04756653308868408
O=C(Nc1ccc(Oc2ccnc3[nH]ccc23)c(F)c1)c1cccn(-c2ccc(F)cc2)c1=O,0.3364745080471039
COc1cc(-c2nn(C3CCC(N4CCN(C(C)=O)CC4)CC3)c3ncnc(N)c23)ccc1NC(=O)c1cc2ccccc2n1C,0.2686246335506439
COc1cc(Nc2ncc3c(n2)-c2ccc(Cl)cc2C(c2c(F)cccc2OC)=NC3)ccc1C(=O)O,0.015058130025863647
COCC(=O)O[C@]1(CCN(C)CCCc2nc3ccccc3[nH]2)CCc2cc(F)ccc2[C@@H]1C(C)C,0.9490618705749512
COc1cc2nc(N3CCCN(C)CC3)nc(NC3CCN(Cc4ccccc4)CC3)c2cc1OC,0.9041985273361206
Cn1cc(C2=C(c3cc(Cl)cc(Cl)c3)C(=O)NC2=O)c2ccccc21,0.5292028784751892
NC(=O)c1c(OCc2c(F)cc(Br)cc2F)nsc1NC(=O)NCCCCN1CCCC1,0.4833066165447235
CCN(CC)Cc1ccc2cc(COC(=O)Nc3ccc(C(=O)NO)cc3)ccc2c1,0.09635287523269653
Cc1ccc2nc(NC(=O)CSc3nc4c(c(=O)n3-c3ccccc3)SCC4)sc2c1,0.10844631493091583
O=C(O)[C@H](Cc1c[nH]c2ccccc12)N1C(=O)c2ccccc2C1=O,0.0003779127146117389
Nc1ccccc1NC(=O)c1ccc(CNC(=O)OCc2cccnc2)cc1,0.029851408675312996
C=C1C(=CC=C2CCCC3(C)[C@H]2CC[C@@H]3[C@H](C)C=CC=CC(O)(CC)CC)C[C@@H](O)C[C@@H]1O,0.15549959242343903
O=C(C=Cc1ccc(CN(CCO)CCc2c[nH]c3ccccc23)cc1)NO,0.023782722651958466
C[C@@H](N)c1ccc(C(=O)Nc2ccnc3[nH]ccc23)cc1,0.0010149823501706123
C[C@H](NC(=O)c1sccc1OCc1ccc(Cl)cc1)c1ccccc1,0.7360627055168152
O=c1[nH]c2ccccc2n1C1CCN(Cc2ccc(-c3nc4cc5nc[nH]c5cc4nc3-c3ccccc3)cc2)CC1,0.7913459539413452
CC(C)n1cnc2c(NCCCCCCNC(=O)OC(C)(C)C)nc(NCCO)nc21,0.02047685533761978
O=C(Nc1cc2cc[nH]c2cn1)c1ccccc1,0.23386718332767487
COc1ccc(CC(=O)NC(NC(=Nc2cccc3ccccc23)NC#N)C(C)(C)C)cc1OC,0.004778586328029633
O=C1NC(=O)C(=Cc2ccc3c(c2)OC(F)(F)O3)S1,0.00806919764727354
O=C(Cc1ccc(-c2ccc(OCCN3CCOCC3)cc2)cn1)NCc1ccccc1,0.5499635934829712
CC1=C2[N+]3=C(C=C4[N+]5=C(C(C)=C6N7[C@@H]8[C@H](CC(N)=O)[C@@]6(C)C=CC(=O)N=C[C@@H](C)OP(=O)([O-])O[C@@H]6[C@@H](C[O-])O[C@@H]([C@@H]6[O-])[n+]6cn(c9cc(C)c(C)cc96)[Co+]753([O-])[N+]3=C1[C@@H](CCC(N)=O)[C@](C)(CC(N)=O)[C@]83C)[C@@H](CCC(N)=O)C4(C)C)[C@@H](CCC(N)=O)[C@]2(C)CC(N)=O,8.70094537326789e-14
CN(C)CC(C)(C)CNc1nn2c(-c3ccccc3)nnc2cc1C1CCC1,0.15645837783813477
O=C(c1ccc(F)c(F)c1Nc1ccc(I)cc1F)N1CC(O)([C@@H]2CCCCN2)C1,0.04359857365489006
Cc1ccc(C(=O)N(CCCN)[C@@H](c2oc3cc(Cl)ccc3c(=O)c2Cc2ccccc2)C(C)C)cc1,0.47020965814590454
COC(=O)[C@H](CCCNC(=N)N)NS(=O)(=O)c1ccc(C)cc1,0.000598825397901237
N#CCNC(=O)c1ccc(-c2ccnc(Nc3ccc(N4CCOCC4)cc3)n2)cc1,0.09719628840684891
Cn1c2ccccc2c2c3c(c4c5ccccc5n(CCC#N)c4c21)CNC3=O,0.23058344423770905
CC(C)(C)Cn1c(N)nc2ccc(-c3nc(C(C)(C)C)[nH]c3-c3ccc(F)cc3)nc21,0.7517181634902954
CC(C)(C)c1cc(NC(=O)Nc2ccc(-c3cn4c(n3)sc3cc(OCCN5CCOCC5)ccc34)cc2)no1,0.9027003049850464
Cc1ccc2c(=O)c3cccc(CC(=O)O)c3oc2c1C,0.0001134137564804405
CC#C[C@]1(O)CC[C@H]2[C@@H]3CCC4=CC(=O)CCC4=C3[C@@H](c3ccc(N(C)C)cc3)C[C@@]21C,0.3729811906814575
CCCCCCCCCCCC1=C(O)C(O)=CC(=O)C1=O,0.1184932067990303
Cn1cnc(N)c2ncnc1-2,0.003807082772254944
N#CC1(c2ccc(NC(=O)c3cccnc3NCc3ccncc3)cc2)CCCC1,0.8042770624160767
COc1cc(C(C)C)c(Oc2cnc(NC(CO)CO)nc2N)cc1I,0.0006434785900637507
CC(=O)N1CCN(c2ccc(OC[C@H]3CO[C@](Cn4ccnc4)(c4ccc(Cl)cc4Cl)O3)cc2)CC1,0.32329466938972473
CN1CC[C@@H](c2c(O)cc(O)c3c(=O)cc(-c4ccccc4Cl)oc23)[C@@H](O)C1,0.30723756551742554
Cc1c(C)c2c(c(C)c1O)CCC(C)(COc1ccc(CC3SC(=O)NC3=O)cc1)O2,0.029083499684929848
O=C(Nc1nc2cccc(-c3ccc(CN4CCS(=O)(=O)CC4)cc3)n2n1)C1CC1,0.02437000349164009
COc1cc2c(cc1OC)[C@@H]1Cc3ccc(OC)c(OC)c3CN1CC2,0.10525702685117722
O=C(O)CCC1CCC(c2cc(F)ccc2F)(S(=O)(=O)c2ccc(Cl)cc2)CC1,0.07456731051206589
C[C@@]12OC(=O)[C@]1([C@@H](O)[C@@H]1C=CCCC1)NC(=O)[C@@H]2CCCl,9.416971806786023e-06
CC(C)(C(=O)NCC(F)(F)C(F)(F)F)C(=O)N[C@@H]1C(=O)Nc2ccccc2-c2ccccc21,0.00039718946209177375
O=S(=O)(CC1CS1)c1ccc(Oc2ccccc2)cc1,0.3862577974796295
CNC(=O)c1ccc(N2C(=S)N(c3ccc(C#N)c(C(F)(F)F)c3)C(=O)C23CCC3)cc1F,0.4371851980686188
CNC(=O)c1ccc(N2C(=S)N(c3cnc(C#N)c(C(F)(F)F)c3)C(=O)C23CCC3)cc1F,0.3526638150215149
CCCc1nc(C(C)(C)O)c(C(=O)O)n1Cc1ccc(-c2ccccc2-c2nn[nH]n2)cc1,0.0012088409857824445
COc1ccc(-c2ccc3c(N4CCOCC4)nc(N4C[C@H](C)O[C@H](C)C4)nc3n2)cc1CO,0.05723651871085167
CN(C)CCCNC(=O)c1ccc(-c2cc(O)c3ncccc3c2)cc1,0.029578115791082382
CS(=O)c1ccc(-c2nc(-c3ccc(F)cc3)c(-c3ccncc3)[nH]2)cc1,0.8288832306861877
CN1[C@H]2CC[C@@H]1CC(OC(=O)c1cc(Cl)cc(Cl)c1)C2,0.9331652522087097
N#Cc1cc(NC(=O)Nc2nnc(-c3ccncc3)s2)ccc1-c1cn[nH]c1,0.0013516588369384408
COc1ccc2c(c1)CN(C)CC2c1ccc(Cl)c(Cl)c1,0.8358754515647888
CN(C)CC[C@H](c1ccc(Cl)cc1)c1ccccn1,0.9919145107269287
CN1C(C(=O)Nc2ccccn2)=C(O)c2sc(Cl)cc2S1(=O)=O,0.028693074360489845
CC(=O)NCC(=O)N1[C@H]2CC[C@@H]1c1cc(Nc3ncc(C(F)(F)F)c(NC4CCC4)n3)ccc12,0.09984888881444931
CN1CCCN(C(=O)c2cccc(-c3ccc(C=C4C(=O)Nc5ccc(Cl)cc54)o3)c2)CC1,0.6477656960487366
CCCS(=O)(=O)Nc1ccc(F)c(C(=O)c2c[nH]c3ncc(-c4ccc(Cl)cc4)cc23)c1F,0.2812441289424896
O=C1CSC(=O)N1C(CCc1ccncc1)COc1ccc(-c2cccc([N+](=O)[O-])c2)cc1,0.20843937993049622
O=C(Nc1cccc(Cl)c1)Nc1ncc(CCNc2ncnc3ccsc23)s1,0.5744621753692627
CC(C)CCN1c2nc(Nc3cc(F)c(O)c(F)c3)ncc2N(C)C(=N)C1C,0.04898298531770706
NC(=O)N1CCC(CC(=O)N2CCC([C@H]3c4ncc(Br)cc4CCc4cc(Cl)cc(Br)c43)CC2)CC1,0.4854710102081299
Cc1ccc(S(=O)(=O)Nc2nc3ccccc3nc2Nc2ccc3nsnc3c2)cc1,0.2571217119693756
O=C(O)c1ccc(Nc2ncc3c(n2)-c2ccc(Cl)cc2C(c2c(F)cccc2F)=NC3)cc1,0.013433195650577545
CC(C)[C@H](C(=O)Nc1ccc(C(=O)NO)cc1)c1ccccc1,0.008136891759932041
COC1=CC(c2cc3ccccc3[nH]2)=NC1=Cc1[nH]c(C)cc1C,0.9265313148498535
O=c1cc(-c2ccccc2)oc2cc(O)cc(O)c12,0.09553667157888412
Cc1cnc(Nc2ccc(CN3CCOCC3)cc2)nc1Nc1cccc(S(=O)(=O)NC(C)(C)C)c1,0.3529607355594635
C#CC1(O)CCC2C3CCC4=CC(=O)CCC4(C)C3CCC21C,0.12130274623632431
Cc1[nH]c2ccccc2c1CCNCc1ccc(C=CC(=O)NO)cc1,0.06993388384580612
CC(C)(C)OC(=O)Nc1ccc(-c2cc(C(=O)NCCCCCCC(=O)NO)no2)cc1,0.04005882516503334
COC(=O)C=CC(=O)OC,0.06729298084974289
COc1cccc2nc(-c3cccs3)nc(NN3C(=O)C=C(C)C3=O)c12,0.8394569158554077
CN1CCCC1CCO[C@@](C)(c1ccccc1)c1ccc(Cl)cc1,0.8062401413917542
Cc1cccc(CCN2CCC(C(=O)c3ccc(NS(C)(=O)=O)cc3)CC2)n1,0.9836927056312561
CNC1CCC(N(Cc2cccc(-c3ccncc3)c2)C(=O)c2sc3ccccc3c2Cl)CC1,0.8727058172225952
Cn1cnc2c(F)c(Nc3ccc(Br)cc3Cl)c(C(=O)NOCCO)cc21,0.0889274999499321
Cn1cnc2c(F)c(Nc3ccc(Br)cc3F)c(C(=O)NOCCO)cc21,0.06822071224451065
CC(=O)SCC(Cc1ccccc1)C(=O)NCC(=O)OCc1ccccc1,0.005216358229517937
CCc1cncnc1N1CCN(Cc2nc3cc(C(F)(F)F)ccc3[nH]2)CC1,0.7146614193916321
OC[C@H](O)[C@@H](O)[C@H](O)[C@H](O)CO,4.09934000344947e-05
CN(C(Cc1ccc(OS(=O)(=O)c2cccc3cnccc23)cc1)C(=O)N1CCN(c2ccccc2)CC1)S(=O)(=O)c1cccc2cnccc12,0.1828210949897766
Cc1ccc(C(N)=O)cc1Nc1nccc(-c2cn(C(C)C)c3cnccc23)n1,0.045837391167879105
Cc1[nH]c(C=C2C(=O)Nc3ccccc32)c(C)c1CCC(=O)O,0.009764967486262321
CN(C)C[C@@H]1CCn2cc(c3ccccc32)C2=C(C(=O)NC2=O)c2cn(c3ccccc23)CCO1,0.8414451479911804
O=c1cc(-c2ccccc2)oc2cc(O)c(O)c(O)c12,0.11824733763933182
CN(C)c1ccc2cc(C(=O)N[C@@H](CCCNC(=N)CCl)C(=O)NCc3ccccc3)ccc2c1,0.10365931689739227
OC(CN1CCC(Cc2ccc(F)cc2)CC1)c1ccc(Cl)cc1,0.9975747466087341
CCN(CC)CCCCNc1ncc2c(n1)N(C)C(=O)N(c1c(Cl)c(OC)cc(OC)c1Cl)C2,0.26271888613700867
Cc1csc(NC(=O)c2sc3nc4c(c(C(F)(F)F)c3c2N)CCC4)n1,0.87665855884552
Cc1cccc(-c2n[nH]cc2-c2ccc3ncccc3n2)n1,0.02346867322921753
Cc1ccccc1-n1c(Cn2cnc3c(N)ncnc32)nc2cccc(C)c2c1=O,0.08781402558088303
Cc1ccccc1-n1c(Cn2ncc3c(N)ncnc32)nc2cccc(C)c2c1=O,0.01929280161857605
CCc1c(O)cc(O)c(C(=O)c2ccc(OCCN3CCOCC3)c(OC)c2)c1CC(=O)N(CCOC)CCOC,0.014662201516330242
O=C(Nc1ccccc1-c1cn2c(CN3CCNCC3)csc2n1)c1cnc2ccccc2n1,0.19529302418231964
